frame_abs,frame_rel,time_s,mask_pixels,mask_ratio,temp_mean,temp_min,temp_max
780,0,31.200,11936,0.62,101.61,27.75,205.15
781,1,31.240,9726,0.51,117.44,28.15,204.05
782,2,31.280,10106,0.53,130.97,28.95,232.15
783,3,31.320,11567,0.60,144.36,30.35,228.15
784,4,31.360,11345,0.59,136.41,29.65,234.65
785,5,31.400,13817,0.72,123.03,29.65,230.75
786,6,31.440,14584,0.76,117.35,29.25,231.75
787,7,31.480,16333,0.85,108.64,28.15,231.05
788,8,31.520,15785,0.82,95.60,28.55,207.05
789,9,31.560,16906,0.88,102.74,28.55,223.15
790,10,31.600,12407,0.65,143.08,29.25,244.15
791,11,31.640,15147,0.79,141.32,29.25,244.65
792,12,31.680,16689,0.87,153.24,29.25,237.35
793,13,31.720,12716,0.66,144.02,29.65,238.65
794,14,31.760,14605,0.76,155.19,26.55,246.75
795,15,31.800,15002,0.78,148.86,23.75,246.55
796,16,31.840,15280,0.80,139.04,20.55,246.05
797,17,31.880,14277,0.74,127.89,21.75,243.95
798,18,31.920,13024,0.68,115.22,19.65,242.95
799,19,31.960,12411,0.65,103.91,19.65,241.85
800,20,32.000,17808,0.93,125.86,20.15,240.55
801,21,32.040,14378,0.75,119.08,18.85,240.65
802,22,32.080,18227,0.95,144.39,19.65,244.45
803,23,32.120,7815,0.41,192.70,58.55,245.05
804,24,32.160,16154,0.84,186.12,39.05,244.75
805,25,32.200,17511,0.91,179.48,37.05,243.35
806,26,32.240,18795,0.98,165.48,30.35,242.55
807,27,32.280,17575,0.92,151.47,23.05,241.05
808,28,32.320,24858,1.29,146.62,23.05,242.55
809,29,32.360,27202,1.42,150.56,20.55,242.15
810,30,32.400,22953,1.20,146.04,19.35,242.25
811,31,32.440,21734,1.13,147.00,18.85,241.75
812,32,32.480,13410,0.70,143.81,18.85,232.45
813,33,32.520,10443,0.54,152.64,19.35,232.05
814,34,32.560,9840,0.51,135.75,18.85,236.45
815,35,32.600,11700,0.61,127.08,18.85,238.65
816,36,32.640,13124,0.68,137.97,51.45,239.45
817,37,32.680,17663,0.92,162.36,50.75,239.15
818,38,32.720,18034,0.94,167.09,37.05,239.05
819,39,32.760,21568,1.12,159.83,28.95,239.15
820,40,32.800,22239,1.16,137.62,23.35,236.95
821,41,32.840,21250,1.11,119.44,23.05,229.55
822,42,32.880,21482,1.12,112.34,20.55,229.95
823,43,32.920,19845,1.03,104.69,21.45,229.15
824,44,32.960,20246,1.05,122.07,23.75,231.05
825,45,33.000,10316,0.54,158.72,31.55,230.25
826,46,33.040,11678,0.61,158.22,42.65,230.15
827,47,33.080,16051,0.84,172.31,49.25,237.85
828,48,33.120,12544,0.65,170.35,51.15,237.35
829,49,33.160,20211,1.05,121.28,19.35,236.25
830,50,33.200,24128,1.26,114.12,19.65,232.65
831,51,33.240,26167,1.36,109.42,19.65,233.75
832,52,33.280,28489,1.48,115.17,20.15,235.15
833,53,33.320,32115,1.67,122.12,20.15,233.15
834,54,33.360,26704,1.39,121.60,19.65,232.45
835,55,33.400,28623,1.49,122.99,19.35,234.25
836,56,33.440,27864,1.45,116.40,19.35,235.95
837,57,33.480,40462,2.11,125.74,19.35,239.85
838,58,33.520,30338,1.58,111.97,19.35,240.15
839,59,33.560,27508,1.43,107.55,19.35,239.05
840,60,33.600,22464,1.17,88.41,19.35,237.55
841,61,33.640,21102,1.10,89.76,18.05,232.85
842,62,33.680,24236,1.26,93.94,17.25,241.85
843,63,33.720,25423,1.32,96.64,16.75,242.85
844,64,33.760,19808,1.03,113.73,16.75,241.65
845,65,33.800,20406,1.06,113.47,16.35,238.75
846,66,33.840,12763,0.66,152.47,16.35,237.25
847,67,33.880,15101,0.79,174.83,51.65,242.35
848,68,33.920,12882,0.67,160.80,17.55,243.05
849,69,33.960,14625,0.76,140.53,18.05,239.95
850,70,34.000,16115,0.84,142.04,18.55,239.35
851,71,34.040,18913,0.99,140.42,22.65,237.35
852,72,34.080,20813,1.08,139.52,20.55,235.85
853,73,34.120,23471,1.22,128.64,18.05,234.35
854,74,34.160,23029,1.20,125.76,17.25,234.45
855,75,34.200,22523,1.17,109.61,16.35,236.65
856,76,34.240,17036,0.89,101.21,16.75,235.35
857,77,34.280,22332,1.16,79.94,16.35,234.75
858,78,34.320,21914,1.14,69.31,15.45,230.15
859,79,34.360,20363,1.06,97.34,18.85,244.75
860,80,34.400,14092,0.73,95.95,13.25,236.35
861,81,34.440,11890,0.62,113.57,19.65,233.85
862,82,34.480,12907,0.67,129.84,24.25,234.95
863,83,34.520,12992,0.68,152.82,28.95,244.65
864,84,34.560,18181,0.95,135.94,18.55,238.55
865,85,34.600,7712,0.40,155.10,54.55,235.95
866,86,34.640,7059,0.37,127.55,54.25,233.95
867,87,34.680,13709,0.71,105.38,19.35,243.85
868,88,34.720,14715,0.77,117.43,18.05,244.25
869,89,34.760,16311,0.85,127.23,16.75,237.25
870,90,34.800,9296,0.48,144.59,24.65,230.65
871,91,34.840,12770,0.67,114.38,17.25,232.65
872,92,34.880,18830,0.98,113.38,14.25,229.95
873,93,34.920,19934,1.04,121.39,12.75,230.45
874,94,34.960,9848,0.51,27.68,12.35,209.15
875,95,35.000,9658,0.50,16.45,12.35,26.55
876,96,35.040,12180,0.63,29.03,12.35,215.75
877,97,35.080,7228,0.38,18.10,12.35,80.85
878,98,35.120,24314,1.27,121.04,12.75,234.75
879,99,35.160,26338,1.37,126.77,12.35,240.15
880,100,35.200,23459,1.22,166.42,14.25,240.25
881,101,35.240,27958,1.46,173.34,14.95,239.35
882,102,35.280,28323,1.48,157.19,27.75,238.65
883,103,35.320,32943,1.72,132.90,13.25,237.35
884,104,35.360,40898,2.13,105.05,15.45,236.45
885,105,35.400,33144,1.73,94.04,15.45,235.35
886,106,35.440,34151,1.78,68.50,14.25,230.65
887,107,35.480,26386,1.37,66.13,12.75,231.75
888,108,35.520,17189,0.90,95.58,17.55,228.45
889,109,35.560,28225,1.47,61.85,12.35,231.85
890,110,35.600,31354,1.63,79.83,12.35,231.35
891,111,35.640,37076,1.93,95.12,13.25,237.95
892,112,35.680,41245,2.15,107.63,14.25,238.85
893,113,35.720,33101,1.72,116.80,14.25,236.35
894,114,35.760,21629,1.13,162.37,27.05,240.75
895,115,35.800,34309,1.79,112.53,14.95,229.45
896,116,35.840,28772,1.50,122.61,16.35,227.25
897,117,35.880,29077,1.51,129.70,16.75,227.35
898,118,35.920,24356,1.27,128.38,17.25,230.45
899,119,35.960,11738,0.61,135.83,26.25,228.25
900,120,36.000,20704,1.08,99.03,18.55,230.45
901,121,36.040,14351,0.75,113.70,20.15,231.15
902,122,36.080,15692,0.82,113.15,17.25,232.35
903,123,36.120,16900,0.88,113.51,14.95,235.95
904,124,36.160,19132,1.00,110.89,14.25,237.85
905,125,36.200,22543,1.17,114.87,14.95,238.55
906,126,36.240,27393,1.43,125.80,14.25,238.65
907,127,36.280,20335,1.06,116.05,14.25,239.05
908,128,36.320,8831,0.46,60.28,15.45,230.35
909,129,36.360,8047,0.42,55.94,15.95,237.55
910,130,36.400,8036,0.42,58.73,15.45,244.35
911,131,36.440,29250,1.52,75.78,16.75,252.55
912,132,36.480,29484,1.54,65.26,16.75,245.95
913,133,36.520,31798,1.66,71.81,16.75,240.55
914,134,36.560,35351,1.84,71.92,15.45,245.75
915,135,36.600,40152,2.09,64.96,14.95,230.65
916,136,36.640,39064,2.03,65.89,14.55,232.35
917,137,36.680,40433,2.11,68.01,12.35,233.95
918,138,36.720,46272,2.41,71.99,11.75,233.75
919,139,36.760,50048,2.61,76.16,11.75,233.35
920,140,36.800,43166,2.25,77.83,12.35,235.15
921,141,36.840,50150,2.61,80.07,11.75,252.55
922,142,36.880,47141,2.46,85.72,11.75,250.65
923,143,36.920,42040,2.19,87.43,12.35,250.75
924,144,36.960,39280,2.05,80.38,11.75,248.15
925,145,37.000,40234,2.10,78.91,11.05,250.95
926,146,37.040,31681,1.65,79.42,14.55,250.55
927,147,37.080,27960,1.46,78.12,16.35,247.85
928,148,37.120,28698,1.49,81.62,18.05,245.95
929,149,37.160,34781,1.81,97.63,16.35,249.15
930,150,37.200,31916,1.66,98.90,15.95,251.75
931,151,37.240,19005,0.99,91.40,15.95,237.65
932,152,37.280,29293,1.53,110.29,18.05,251.75
933,153,37.320,18740,0.98,139.11,20.15,242.95
934,154,37.360,29603,1.54,121.30,20.15,249.55
935,155,37.400,32328,1.68,128.28,18.55,251.85
936,156,37.440,73907,3.85,107.20,14.25,252.75
937,157,37.480,16399,0.85,134.48,21.45,252.85
938,158,37.520,27825,1.45,119.41,17.55,254.25
939,159,37.560,60068,3.13,110.44,13.25,254.95
940,160,37.600,20504,1.07,108.58,15.95,250.95
941,161,37.640,10417,0.54,47.52,14.95,241.85
942,162,37.680,10647,0.55,58.07,14.55,228.45
943,163,37.720,10312,0.54,59.54,14.95,238.85
944,164,37.760,12269,0.64,78.11,14.95,244.15
945,165,37.800,10185,0.53,80.65,15.45,244.45
946,166,37.840,26934,1.40,92.08,15.45,252.85
947,167,37.880,30164,1.57,96.73,15.95,253.45
948,168,37.920,35517,1.85,91.68,15.95,243.15
949,169,37.960,40880,2.13,95.31,14.25,242.05
950,170,38.000,36343,1.89,104.54,15.45,241.75
951,171,38.040,41358,2.15,99.58,14.25,243.35
952,172,38.080,48042,2.50,94.80,14.25,243.95
953,173,38.120,50515,2.63,97.34,11.75,245.25
954,174,38.160,45882,2.39,94.53,11.75,243.95
955,175,38.200,45854,2.39,89.75,12.35,244.05
956,176,38.240,48312,2.52,85.40,11.75,239.45
957,177,38.280,47221,2.46,89.63,11.45,243.15
958,178,38.320,12638,0.66,20.76,12.35,218.15
959,179,38.360,17414,0.91,80.14,11.05,235.85
960,180,38.400,19487,1.01,27.21,11.75,197.65
961,181,38.440,45261,2.36,102.11,13.25,262.25
962,182,38.480,42816,2.23,113.37,14.95,261.55
963,183,38.520,37946,1.98,110.52,16.35,261.05
964,184,38.560,40109,2.09,108.12,15.45,258.95
965,185,38.600,40463,2.11,108.50,14.95,262.25
966,186,38.640,46277,2.41,103.41,13.65,264.05
967,187,38.680,46289,2.41,102.60,13.25,264.15
968,188,38.720,67352,3.51,107.93,13.25,264.75
969,189,38.760,67030,3.49,113.53,13.65,264.65
970,190,38.800,47613,2.48,108.76,13.65,264.05
971,191,38.840,65734,3.42,99.15,14.25,263.05
972,192,38.880,69873,3.64,98.52,14.55,262.85
973,193,38.920,67846,3.53,101.44,14.55,263.25
974,194,38.960,54843,2.86,97.87,14.95,263.75
975,195,39.000,45401,2.36,100.86,13.65,264.15
976,196,39.040,49440,2.57,103.78,13.65,264.15
977,197,39.080,48580,2.53,98.14,13.25,264.05
978,198,39.120,46707,2.43,91.38,12.35,263.25
979,199,39.160,47854,2.49,89.94,14.25,262.95
980,200,39.200,47791,2.49,90.23,14.25,261.65
981,201,39.240,54459,2.84,83.35,14.25,262.05
982,202,39.280,44411,2.31,79.68,16.35,261.75
983,203,39.320,31401,1.64,111.46,19.35,262.15
984,204,39.360,33675,1.75,114.36,19.65,262.85
985,205,39.400,37012,1.93,110.23,12.75,261.65
986,206,39.440,42712,2.22,101.09,11.75,256.45
987,207,39.480,46301,2.41,101.55,11.45,261.55
988,208,39.520,50773,2.64,103.47,11.45,261.05
989,209,39.560,47621,2.48,104.38,11.75,260.45
990,210,39.600,46838,2.44,97.46,11.75,260.55
991,211,39.640,48190,2.51,80.92,11.05,257.75
992,212,39.680,45305,2.36,82.70,10.55,253.75
993,213,39.720,42050,2.19,75.45,11.05,249.85
994,214,39.760,43984,2.29,63.37,12.75,250.45
995,215,39.800,47684,2.48,73.88,13.65,265.15
996,216,39.840,52211,2.72,79.44,14.25,265.95
997,217,39.880,48732,2.54,83.93,13.25,265.65
998,218,39.920,47852,2.49,81.05,12.75,263.75
999,219,39.960,46871,2.44,89.13,12.75,261.55
1000,220,40.000,51141,2.66,88.12,12.75,259.45
1001,221,40.040,56173,2.93,89.12,12.35,258.95
1002,222,40.080,57283,2.98,91.98,12.75,259.15
1003,223,40.120,50262,2.62,99.79,13.25,258.65
1004,224,40.160,55524,2.89,104.83,12.35,259.95
1005,225,40.200,58629,3.05,104.99,11.75,259.05
1006,226,40.240,61630,3.21,102.10,11.75,260.15
1007,227,40.280,59405,3.09,98.30,11.75,261.65
1008,228,40.320,62058,3.23,83.64,11.05,263.95
1009,229,40.360,55706,2.90,68.78,11.75,264.05
1010,230,40.400,40350,2.10,66.89,11.75,264.75
1011,231,40.440,40341,2.10,61.53,14.55,265.45
1012,232,40.480,40052,2.09,64.18,14.95,266.75
1013,233,40.520,34415,1.79,59.55,16.75,267.25
1014,234,40.560,45669,2.38,74.65,16.35,269.05
1015,235,40.600,45399,2.36,75.46,16.35,270.15
1016,236,40.640,49677,2.59,70.59,16.35,271.15
1017,237,40.680,55264,2.88,79.77,16.35,272.55
1018,238,40.720,54315,2.83,94.96,14.25,273.05
1019,239,40.760,50614,2.64,96.69,14.25,259.45
1020,240,40.800,51477,2.68,94.88,14.55,262.25
1021,241,40.840,53276,2.77,98.44,14.55,263.55
1022,242,40.880,62275,3.24,90.79,13.65,260.75
1023,243,40.920,53127,2.77,106.92,14.95,257.75
1024,244,40.960,47153,2.46,96.82,14.25,259.65
1025,245,41.000,50386,2.62,80.15,14.25,265.65
1026,246,41.040,45123,2.35,79.65,13.25,264.35
1027,247,41.080,43583,2.27,79.86,11.75,263.65
1028,248,41.120,42500,2.21,79.64,13.25,263.15
1029,249,41.160,39744,2.07,75.48,14.25,261.15
1030,250,41.200,54229,2.82,93.83,17.55,273.95
1031,251,41.240,48224,2.51,73.61,16.75,269.65
1032,252,41.280,43182,2.25,77.53,16.35,269.05
1033,253,41.320,42953,2.24,88.60,17.55,265.25
1034,254,41.360,51030,2.66,100.48,14.95,268.95
1035,255,41.400,53034,2.76,107.05,14.55,273.55
1036,256,41.440,52697,2.74,112.89,14.25,274.45
1037,257,41.480,57743,3.01,109.88,14.25,274.65
1038,258,41.520,59038,3.07,110.15,14.25,274.45
1039,259,41.560,63374,3.30,103.13,14.25,273.75
1040,260,41.600,76357,3.98,88.29,14.25,278.05
1041,261,41.640,58375,3.04,79.78,14.25,279.45
1042,262,41.680,43915,2.29,75.46,14.25,279.75
1043,263,41.720,40263,2.10,71.83,14.25,280.05
1044,264,41.760,43258,2.25,92.38,14.25,280.75
1045,265,41.800,45187,2.35,87.95,14.55,280.75
1046,266,41.840,45904,2.39,90.59,17.55,281.55
1047,267,41.880,49089,2.56,91.76,18.55,281.65
1048,268,41.920,55922,2.91,101.92,18.85,282.25
1049,269,41.960,69699,3.63,103.29,17.55,281.65
1050,270,42.000,75900,3.95,102.61,17.55,282.05
1051,271,42.040,74672,3.89,102.13,17.55,284.35
1052,272,42.080,79900,4.16,105.83,14.25,285.75
1053,273,42.120,66509,3.46,96.17,13.25,280.85
1054,274,42.160,66103,3.44,97.13,13.65,287.85
1055,275,42.200,53005,2.76,103.38,13.25,286.85
1056,276,42.240,38914,2.03,92.73,14.25,276.75
1057,277,42.280,37796,1.97,74.80,14.95,263.25
1058,278,42.320,49881,2.60,78.69,16.75,284.25
1059,279,42.360,75400,3.93,60.84,15.45,280.15
1060,280,42.400,77459,4.03,41.06,15.45,266.85
1061,281,42.440,66860,3.48,27.93,16.35,233.85
1062,282,42.480,53951,2.81,25.79,15.95,229.55
1063,283,42.520,47320,2.46,20.75,13.65,28.15
1064,284,42.560,24905,1.30,20.77,12.75,26.25
1065,285,42.600,23670,1.23,21.34,11.05,34.45
1066,286,42.640,47463,2.47,20.22,11.05,34.45
1067,287,42.680,44770,2.33,21.30,12.35,55.35
1068,288,42.720,12793,0.67,27.22,14.95,121.75
1069,289,42.760,33319,1.74,22.69,14.95,117.75
1070,290,42.800,39486,2.06,24.75,15.45,187.55
1071,291,42.840,8122,0.42,21.31,14.55,69.05
1072,292,42.880,43814,2.28,21.18,14.25,73.45
1073,293,42.920,19993,1.04,22.98,14.55,42.65
1074,294,42.960,25118,1.31,24.28,17.55,63.15
1075,295,43.000,42226,2.20,22.51,14.95,59.05
1076,296,43.040,47689,2.48,23.05,15.45,71.05
1077,297,43.080,19157,1.00,20.94,16.75,29.25
1078,298,43.120,32292,1.68,21.19,16.35,31.85
1079,299,43.160,23123,1.20,20.57,15.95,32.75
1080,300,43.200,25507,1.33,20.66,14.95,48.55
1081,301,43.240,29787,1.55,21.82,13.25,83.35
1082,302,43.280,30936,1.61,27.58,12.35,156.05
1083,303,43.320,35469,1.85,30.93,12.35,162.85
1084,304,43.360,39923,2.08,30.01,12.75,160.45
1085,305,43.400,37061,1.93,29.19,11.45,157.85
1086,306,43.440,36625,1.91,27.02,11.75,216.65
1087,307,43.480,58939,3.07,22.39,11.75,248.35
1088,308,43.520,32384,1.69,18.67,11.45,54.55
1089,309,43.560,26937,1.40,19.64,10.55,93.75
1090,310,43.600,20214,1.05,15.93,9.55,25.05
1091,311,43.640,32292,1.68,21.52,9.15,100.95
1092,312,43.680,26698,1.39,19.85,9.15,158.65
1093,313,43.720,44020,2.29,72.98,11.05,252.55
1094,314,43.760,49802,2.59,63.66,13.65,251.15
1095,315,43.800,46364,2.41,40.15,13.25,243.65
1096,316,43.840,46545,2.42,25.70,16.75,220.75
1097,317,43.880,51809,2.70,20.41,13.25,25.05
1098,318,43.920,46965,2.45,19.45,12.35,23.05
1099,319,43.960,51053,2.66,17.44,10.15,22.65
1100,320,44.000,54889,2.86,16.99,9.55,59.35
1101,321,44.040,55298,2.88,18.42,10.55,116.65
1102,322,44.080,56764,2.96,20.12,11.45,148.45
1103,323,44.120,75459,3.93,17.62,9.55,88.45
1104,324,44.160,64639,3.37,18.60,10.55,127.25
1105,325,44.200,63454,3.30,19.25,11.05,139.45
1106,326,44.240,48252,2.51,22.79,10.55,138.75
1107,327,44.280,41221,2.15,25.68,10.55,145.65
1108,328,44.320,38843,2.02,27.19,11.05,155.15
1109,329,44.360,46620,2.43,22.90,10.55,158.65
1110,330,44.400,40316,2.10,22.31,10.55,129.85
1111,331,44.440,43033,2.24,25.00,10.55,150.65
1112,332,44.480,31385,1.63,36.67,10.55,189.65
1113,333,44.520,32661,1.70,43.23,9.55,190.95
1114,334,44.560,33756,1.76,44.86,8.25,174.35
1115,335,44.600,48245,2.51,38.24,8.25,170.05
1116,336,44.640,48952,2.55,29.74,7.75,158.15
1117,337,44.680,50176,2.61,22.65,7.25,159.35
1118,338,44.720,49129,2.56,19.87,6.85,160.25
1119,339,44.760,65054,3.39,12.76,6.35,126.95
1120,340,44.800,51154,2.66,11.73,6.35,27.35
1121,341,44.840,44242,2.30,11.35,6.35,16.75
1122,342,44.880,49552,2.58,11.47,6.35,69.05
1123,343,44.920,51618,2.69,12.06,5.85,68.85
1124,344,44.960,42663,2.22,12.05,5.25,38.75
1125,345,45.000,67842,3.53,15.79,6.85,138.15
1126,346,45.040,58035,3.02,16.57,7.75,134.85
1127,347,45.080,52740,2.75,18.48,8.65,127.55
1128,348,45.120,49113,2.56,17.92,8.25,103.85
1129,349,45.160,46216,2.41,17.44,8.65,101.95
1130,350,45.200,66435,3.46,16.88,8.25,98.85
1131,351,45.240,43910,2.29,15.53,8.25,84.35
1132,352,45.280,48254,2.51,14.80,7.75,83.35
1133,353,45.320,50256,2.62,15.20,7.25,93.95
1134,354,45.360,75765,3.95,16.14,7.75,90.95
1135,355,45.400,88106,4.59,15.12,7.25,98.15
1136,356,45.440,85228,4.44,14.80,7.25,101.45
1137,357,45.480,60335,3.14,12.63,7.25,99.05
1138,358,45.520,59254,3.09,12.21,7.25,72.05
1139,359,45.560,52996,2.76,12.94,6.85,78.55
1140,360,45.600,51413,2.68,12.79,7.25,72.05
1141,361,45.640,35029,1.82,14.63,7.75,72.05
1142,362,45.680,39152,2.04,15.53,8.25,72.25
1143,363,45.720,32563,1.70,18.10,8.25,72.75
1144,364,45.760,36224,1.89,18.36,8.65,71.25
1145,365,45.800,35335,1.84,17.34,8.65,66.85
1146,366,45.840,41042,2.14,17.36,8.25,75.65
1147,367,45.880,46610,2.43,16.75,8.25,81.75
1148,368,45.920,50652,2.64,15.19,6.85,57.25
1149,369,45.960,50491,2.63,14.29,6.35,47.25
1150,370,46.000,56833,2.96,12.97,3.35,47.85
1151,371,46.040,60072,3.13,12.90,5.25,73.05
1152,372,46.080,52466,2.73,11.41,5.25,29.25
1153,373,46.120,53232,2.77,11.02,5.85,21.75
1154,374,46.160,59620,3.11,11.68,5.25,76.35
1155,375,46.200,52427,2.73,11.07,4.85,74.85
1156,376,46.240,48772,2.54,11.63,5.25,31.55
1157,377,46.280,63623,3.31,14.70,7.25,102.15
1158,378,46.320,54536,2.84,15.78,4.85,104.65
1159,379,46.360,47167,2.46,16.46,6.85,108.65
1160,380,46.400,44660,2.33,15.22,7.75,116.75
1161,381,46.440,53475,2.79,14.92,7.25,120.75
1162,382,46.480,74578,3.88,14.07,5.85,123.95
1163,383,46.520,55684,2.90,16.20,6.35,121.95
1164,384,46.560,57945,3.02,16.86,5.85,110.55
1165,385,46.600,60055,3.13,16.27,5.25,123.35
1166,386,46.640,94384,4.92,13.66,2.85,122.75
1167,387,46.680,101280,5.27,12.35,3.35,66.45
1168,388,46.720,104908,5.46,12.63,5.25,102.35
1169,389,46.760,96948,5.05,13.07,5.85,91.55
1170,390,46.800,100585,5.24,14.22,5.85,108.25
1171,391,46.840,71241,3.71,15.43,5.25,119.55
1172,392,46.880,58781,3.06,16.86,5.25,122.55
1173,393,46.920,62788,3.27,15.71,3.35,123.05
1174,394,46.960,52830,2.75,16.55,3.85,123.35
1175,395,47.000,47920,2.50,16.32,5.25,118.95
1176,396,47.040,43793,2.28,14.40,7.75,108.05
1177,397,47.080,44044,2.29,15.66,8.25,110.75
1178,398,47.120,37894,1.97,16.39,8.65,110.45
1179,399,47.160,40785,2.12,16.04,8.25,115.15
1180,400,47.200,40794,2.12,15.87,7.75,116.95
1181,401,47.240,51079,2.66,18.52,6.35,121.15
1182,402,47.280,44960,2.34,18.76,5.85,120.45
1183,403,47.320,21328,1.11,16.37,3.85,95.35
1184,404,47.360,45697,2.38,9.72,3.85,96.35
1185,405,47.400,23105,1.20,11.23,4.85,15.95
1186,406,47.440,22323,1.16,12.05,4.85,15.95
1187,407,47.480,18551,0.97,12.31,10.55,15.95
1188,408,47.520,19093,0.99,12.28,7.75,15.45
1189,409,47.560,67897,3.54,11.38,6.35,73.65
1190,410,47.600,26312,1.37,12.71,6.85,24.25
1191,411,47.640,73947,3.85,13.10,4.85,57.75
1192,412,47.680,61319,3.19,17.38,6.35,23.35
1193,413,47.720,81790,4.26,20.81,8.25,23.75
1194,414,47.760,78330,4.08,21.55,11.05,24.25
1195,415,47.800,75173,3.92,21.38,17.55,24.25
1196,416,47.840,43107,2.25,20.50,12.75,23.05
1197,417,47.880,50714,2.64,16.47,6.85,59.65
1198,418,47.920,23417,1.22,18.50,9.55,107.95
1199,419,47.960,30826,1.61,11.42,4.85,31.55
1200,420,48.000,87680,4.57,14.12,4.85,92.05
1201,421,48.040,31166,1.62,12.32,4.85,44.65
1202,422,48.080,22520,1.17,10.69,3.85,25.05
1203,423,48.120,23852,1.24,10.71,3.85,20.55
1204,424,48.160,19758,1.03,11.20,3.85,15.45
1205,425,48.200,19847,1.03,11.87,3.85,32.25
1206,426,48.240,27496,1.43,11.90,5.85,28.95
1207,427,48.280,29064,1.51,12.24,6.85,31.25
1208,428,48.320,26287,1.37,12.47,7.75,30.05
1209,429,48.360,30223,1.57,12.35,8.65,27.75
1210,430,48.400,30201,1.57,12.38,8.25,27.75
1211,431,48.440,26546,1.38,12.49,8.25,29.25
1212,432,48.480,24919,1.30,12.86,8.25,28.95
1213,433,48.520,22524,1.17,13.60,9.55,34.85
1214,434,48.560,21974,1.14,14.66,10.15,57.75
1215,435,48.600,17322,0.90,14.44,10.55,63.75
1216,436,48.640,17276,0.90,13.92,7.25,70.65
1217,437,48.680,17704,0.92,12.20,6.85,51.15
1218,438,48.720,16162,0.84,12.17,7.25,40.55
1219,439,48.760,15349,0.80,14.22,7.75,72.75
1220,440,48.800,11081,0.58,11.60,7.75,71.45
1221,441,48.840,10034,0.52,10.06,7.75,23.35
1222,442,48.880,9525,0.50,9.93,7.75,12.35
1223,443,48.920,19551,1.02,15.13,8.25,62.25
1224,444,48.960,10477,0.55,10.85,7.75,64.25
1225,445,49.000,10917,0.57,8.50,6.35,15.45
1226,446,49.040,20380,1.06,7.55,3.85,12.75
1227,447,49.080,24499,1.28,7.68,3.85,14.55
1228,448,49.120,9792,0.51,8.37,4.85,13.25
1229,449,49.160,10810,0.56,9.11,3.85,13.25
1230,450,49.200,10072,0.52,11.29,3.85,21.75
1231,451,49.240,10599,0.55,13.05,7.25,23.05
1232,452,49.280,8048,0.42,13.95,9.55,20.15
1233,453,49.320,27095,1.41,13.61,8.25,28.55
1234,454,49.360,24817,1.29,14.87,8.65,25.05
1235,455,49.400,8309,0.43,13.38,8.65,18.85
1236,456,49.440,9206,0.48,13.74,8.65,22.65
1237,457,49.480,11166,0.58,15.65,9.15,26.25
1238,458,49.520,12490,0.65,16.88,9.55,45.25
1239,459,49.560,12667,0.66,16.91,11.05,64.25
1240,460,49.600,12740,0.66,16.33,10.55,97.65
1241,461,49.640,13924,0.73,33.89,8.25,148.45
1242,462,49.680,12724,0.66,22.49,9.15,131.85
1243,463,49.720,15093,0.79,15.42,8.65,48.55
1244,464,49.760,28988,1.51,15.81,8.25,69.25
1245,465,49.800,15304,0.80,11.95,8.65,42.95
1246,466,49.840,15860,0.83,12.03,8.25,29.25
1247,467,49.880,29489,1.54,15.26,7.25,68.05
1248,468,49.920,31171,1.62,15.72,7.75,66.45
1249,469,49.960,26655,1.39,17.00,9.55,115.15
1250,470,50.000,24712,1.29,18.70,9.55,131.85
1251,471,50.040,25013,1.30,20.37,11.05,131.35
1252,472,50.080,25561,1.33,20.59,10.55,129.35
1253,473,50.120,24804,1.29,18.73,7.75,72.75
1254,474,50.160,22846,1.19,17.54,7.75,69.55
1255,475,50.200,12250,0.64,11.26,9.55,14.55
1256,476,50.240,12749,0.66,11.09,8.25,16.35
1257,477,50.280,16960,0.88,12.75,8.65,52.05
1258,478,50.320,12967,0.68,12.85,7.25,70.65
1259,479,50.360,11573,0.60,12.33,7.75,190.25
1260,480,50.400,10696,0.56,12.08,8.25,68.25
1261,481,50.440,9274,0.48,12.85,8.65,58.55
1262,482,50.480,9069,0.47,11.77,9.15,61.05
1263,483,50.520,9217,0.48,9.66,7.75,12.35
1264,484,50.560,8040,0.42,8.66,5.85,14.95
1265,485,50.600,9705,0.51,9.28,6.85,19.65
1266,486,50.640,25179,1.31,22.23,6.85,129.95
1267,487,50.680,10170,0.53,11.57,8.25,25.85
1268,488,50.720,21090,1.10,16.48,6.35,51.65
1269,489,50.760,22953,1.20,16.89,6.85,27.75
1270,490,50.800,22181,1.16,17.37,10.55,27.35
1271,491,50.840,18395,0.96,17.37,11.45,27.75
1272,492,50.880,22854,1.19,17.12,11.05,29.25
1273,493,50.920,21670,1.13,16.11,11.05,21.45
1274,494,50.960,14268,0.74,15.65,10.55,27.75
1275,495,51.000,14055,0.73,15.98,11.05,32.75
1276,496,51.040,19853,1.03,17.37,11.75,39.55
1277,497,51.080,10929,0.57,23.44,16.35,38.75
1278,498,51.120,13852,0.72,45.16,19.35,253.85
1279,499,51.160,15660,0.82,145.15,22.65,264.05
1280,500,51.200,15011,0.78,197.48,22.65,263.75
1281,501,51.240,17484,0.91,179.78,21.75,262.55
1282,502,51.280,19769,1.03,130.57,16.75,253.35
1283,503,51.320,27087,1.41,111.22,14.95,257.25
1284,504,51.360,38205,1.99,80.92,14.55,255.85
1285,505,51.400,40929,2.13,51.50,12.35,254.45
1286,506,51.440,16435,0.86,21.13,14.25,82.15
1287,507,51.480,15064,0.78,18.39,13.25,33.75
1288,508,51.520,22213,1.16,19.54,12.75,141.15
1289,509,51.560,11523,0.60,16.49,13.25,27.35
1290,510,51.600,11012,0.57,15.36,11.05,24.25
1291,511,51.640,15404,0.80,17.13,9.55,34.85
1292,512,51.680,15754,0.82,17.25,10.55,42.25
1293,513,51.720,8016,0.42,13.22,11.05,20.15
1294,514,51.760,7939,0.41,13.32,11.75,15.45
1295,515,51.800,11999,0.62,53.17,11.75,249.85
1296,516,51.840,16815,0.88,75.40,11.75,241.75
1297,517,51.880,25455,1.33,79.63,11.45,253.15
1298,518,51.920,29558,1.54,80.60,10.55,256.85
1299,519,51.960,10423,0.54,11.95,9.15,14.25
1300,520,52.000,21806,1.14,98.26,11.05,256.45
1301,521,52.040,25458,1.33,26.05,10.15,136.05
1302,522,52.080,19338,1.01,24.14,10.15,99.65
1303,523,52.120,14278,0.74,22.14,10.55,36.35
1304,524,52.160,13220,0.69,21.01,9.55,27.05
1305,525,52.200,11652,0.61,20.35,9.55,25.35
1306,526,52.240,12440,0.65,20.27,12.75,27.75
1307,527,52.280,6117,0.32,22.88,16.35,25.85
1308,528,52.320,6781,0.35,22.59,17.55,25.35
1309,529,52.360,18747,0.98,48.77,15.95,241.05
1310,530,52.400,17190,0.90,59.85,16.35,233.75
1311,531,52.440,15435,0.80,79.71,16.75,240.85
1312,532,52.480,15207,0.79,101.32,20.15,248.85
1313,533,52.520,15812,0.82,119.16,23.75,257.25
1314,534,52.560,11842,0.62,118.84,28.95,225.25
1315,535,52.600,9769,0.51,135.69,31.55,249.05
1316,536,52.640,8646,0.45,163.95,33.45,255.65
1317,537,52.680,7929,0.41,112.78,21.45,251.45
1318,538,52.720,89129,4.64,90.77,11.45,261.75
1319,539,52.760,24929,1.30,76.62,12.75,257.05
1320,540,52.800,5808,0.30,20.55,15.95,32.75
1321,541,52.840,0,0.00,nan,nan,nan
1322,542,52.880,0,0.00,nan,nan,nan
1323,543,52.920,0,0.00,nan,nan,nan
1324,544,52.960,0,0.00,nan,nan,nan
1325,545,53.000,0,0.00,nan,nan,nan
1326,546,53.040,0,0.00,nan,nan,nan
1327,547,53.080,0,0.00,nan,nan,nan
1328,548,53.120,0,0.00,nan,nan,nan
1329,549,53.160,0,0.00,nan,nan,nan
1330,550,53.200,0,0.00,nan,nan,nan
1331,551,53.240,0,0.00,nan,nan,nan
1332,552,53.280,0,0.00,nan,nan,nan
1333,553,53.320,0,0.00,nan,nan,nan
1334,554,53.360,0,0.00,nan,nan,nan
1335,555,53.400,0,0.00,nan,nan,nan
1336,556,53.440,0,0.00,nan,nan,nan
1337,557,53.480,0,0.00,nan,nan,nan
1338,558,53.520,8522,0.44,87.09,19.35,211.55
1339,559,53.560,35502,1.85,46.99,13.25,216.05
1340,560,53.600,32952,1.72,53.91,13.25,226.35
1341,561,53.640,15812,0.82,35.55,13.25,212.65
1342,562,53.680,25241,1.31,22.53,12.35,51.65
1343,563,53.720,29637,1.54,22.38,11.75,49.85
1344,564,53.760,50729,2.64,63.94,11.75,223.25
1345,565,53.800,32148,1.67,26.17,11.75,212.25
1346,566,53.840,43476,2.26,59.86,11.45,214.45
1347,567,53.880,55014,2.87,52.47,11.75,213.35
1348,568,53.920,55890,2.91,57.92,11.05,213.35
1349,569,53.960,35500,1.85,63.82,11.05,221.45
1350,570,54.000,59514,3.10,53.67,11.05,220.95
1351,571,54.040,50042,2.61,44.53,11.05,217.95
1352,572,54.080,41046,2.14,25.75,11.05,161.15
1353,573,54.120,39196,2.04,23.17,11.45,114.55
1354,574,54.160,38695,2.02,22.88,13.25,43.25
1355,575,54.200,35960,1.87,22.23,14.25,42.95
1356,576,54.240,35357,1.84,21.89,14.55,43.25
1357,577,54.280,37090,1.93,22.15,14.55,41.65
1358,578,54.320,44833,2.34,21.88,14.55,41.15
1359,579,54.360,51166,2.66,21.83,14.95,75.65
1360,580,54.400,59225,3.08,26.01,12.35,206.55
1361,581,54.440,63970,3.33,28.40,12.75,208.05
1362,582,54.480,64718,3.37,35.69,12.35,215.65
1363,583,54.520,65996,3.44,45.33,12.35,215.35
1364,584,54.560,65333,3.40,52.96,12.35,217.55
1365,585,54.600,58480,3.05,55.15,11.75,219.05
1366,586,54.640,71458,3.72,63.66,12.35,232.25
1367,587,54.680,81651,4.25,71.76,13.25,240.75
1368,588,54.720,70122,3.65,82.53,14.25,239.55
1369,589,54.760,71251,3.71,68.54,13.25,233.35
1370,590,54.800,71950,3.75,57.63,12.75,228.15
1371,591,54.840,75133,3.91,46.89,12.75,227.25
1372,592,54.880,73007,3.80,39.49,12.75,225.95
1373,593,54.920,42338,2.21,39.56,12.75,225.75
1374,594,54.960,69573,3.62,29.42,11.45,221.55
1375,595,55.000,74414,3.88,25.79,12.35,219.15
1376,596,55.040,79447,4.14,24.53,12.35,216.05
1377,597,55.080,79498,4.14,24.06,12.35,214.65
1378,598,55.120,83074,4.33,23.28,12.35,211.45
1379,599,55.160,74258,3.87,23.30,11.05,194.35
1380,600,55.200,74338,3.87,22.76,11.05,163.55
1381,601,55.240,74893,3.90,23.91,11.45,222.15
1382,602,55.280,50557,2.63,23.83,11.05,205.65
1383,603,55.320,45269,2.36,29.37,11.45,208.25
1384,604,55.360,30951,1.61,29.95,11.45,212.15
1385,605,55.400,19987,1.04,41.66,11.45,211.35
1386,606,55.440,12328,0.64,54.50,12.35,215.25
1387,607,55.480,6868,0.36,37.99,13.25,215.85
1388,608,55.520,9176,0.48,114.92,21.75,218.75
1389,609,55.560,9149,0.48,47.51,20.95,189.55
1390,610,55.600,10850,0.57,31.49,21.45,124.75
1391,611,55.640,10218,0.53,26.29,21.45,58.55
1392,612,55.680,9437,0.49,21.82,18.85,35.95
1393,613,55.720,8880,0.46,18.95,16.35,22.65
1394,614,55.760,8846,0.46,16.83,13.25,21.75
1395,615,55.800,10982,0.57,15.50,11.05,20.15
1396,616,55.840,10092,0.53,14.99,10.55,18.85
1397,617,55.880,9202,0.48,14.93,11.05,18.05
1398,618,55.920,8693,0.45,15.38,12.75,17.25
1399,619,55.960,5533,0.29,15.54,14.55,16.35
1400,620,56.000,4253,0.22,15.33,14.25,16.35
1401,621,56.040,2480,0.13,15.27,14.25,16.35
1402,622,56.080,677,0.04,14.97,14.25,15.45
1403,623,56.120,0,0.00,nan,nan,nan
1404,624,56.160,0,0.00,nan,nan,nan
1405,625,56.200,0,0.00,nan,nan,nan
1406,626,56.240,0,0.00,nan,nan,nan
1407,627,56.280,0,0.00,nan,nan,nan
1408,628,56.320,0,0.00,nan,nan,nan
1409,629,56.360,0,0.00,nan,nan,nan
1410,630,56.400,0,0.00,nan,nan,nan
1411,631,56.440,0,0.00,nan,nan,nan
1412,632,56.480,0,0.00,nan,nan,nan
1413,633,56.520,0,0.00,nan,nan,nan
1414,634,56.560,0,0.00,nan,nan,nan
1415,635,56.600,0,0.00,nan,nan,nan
1416,636,56.640,0,0.00,nan,nan,nan
1417,637,56.680,0,0.00,nan,nan,nan
1418,638,56.720,0,0.00,nan,nan,nan
1419,639,56.760,0,0.00,nan,nan,nan
1420,640,56.800,0,0.00,nan,nan,nan
1421,641,56.840,14184,0.74,17.34,11.75,23.75
1422,642,56.880,16032,0.83,19.98,12.75,28.95
1423,643,56.920,5393,0.28,19.23,12.35,28.95
1424,644,56.960,8114,0.42,19.22,12.35,28.95
1425,645,57.000,0,0.00,nan,nan,nan
1426,646,57.040,0,0.00,nan,nan,nan
1427,647,57.080,0,0.00,nan,nan,nan
1428,648,57.120,0,0.00,nan,nan,nan
1429,649,57.160,0,0.00,nan,nan,nan
1430,650,57.200,0,0.00,nan,nan,nan
1431,651,57.240,0,0.00,nan,nan,nan
1432,652,57.280,0,0.00,nan,nan,nan
1433,653,57.320,0,0.00,nan,nan,nan
1434,654,57.360,0,0.00,nan,nan,nan
1435,655,57.400,0,0.00,nan,nan,nan
1436,656,57.440,0,0.00,nan,nan,nan
1437,657,57.480,0,0.00,nan,nan,nan
1438,658,57.520,0,0.00,nan,nan,nan
1439,659,57.560,0,0.00,nan,nan,nan
1440,660,57.600,0,0.00,nan,nan,nan
1441,661,57.640,0,0.00,nan,nan,nan
1442,662,57.680,0,0.00,nan,nan,nan
1443,663,57.720,0,0.00,nan,nan,nan
1444,664,57.760,0,0.00,nan,nan,nan
1445,665,57.800,0,0.00,nan,nan,nan
1446,666,57.840,0,0.00,nan,nan,nan
1447,667,57.880,0,0.00,nan,nan,nan
1448,668,57.920,0,0.00,nan,nan,nan
1449,669,57.960,0,0.00,nan,nan,nan
1450,670,58.000,0,0.00,nan,nan,nan
1451,671,58.040,0,0.00,nan,nan,nan
1452,672,58.080,0,0.00,nan,nan,nan
1453,673,58.120,0,0.00,nan,nan,nan
1454,674,58.160,0,0.00,nan,nan,nan
1455,675,58.200,0,0.00,nan,nan,nan
1456,676,58.240,0,0.00,nan,nan,nan
1457,677,58.280,0,0.00,nan,nan,nan
1458,678,58.320,0,0.00,nan,nan,nan
1459,679,58.360,0,0.00,nan,nan,nan
1460,680,58.400,0,0.00,nan,nan,nan
1461,681,58.440,0,0.00,nan,nan,nan
1462,682,58.480,0,0.00,nan,nan,nan
1463,683,58.520,0,0.00,nan,nan,nan
1464,684,58.560,0,0.00,nan,nan,nan
1465,685,58.600,0,0.00,nan,nan,nan
1466,686,58.640,0,0.00,nan,nan,nan
1467,687,58.680,0,0.00,nan,nan,nan
1468,688,58.720,0,0.00,nan,nan,nan
1469,689,58.760,0,0.00,nan,nan,nan
1470,690,58.800,0,0.00,nan,nan,nan
1471,691,58.840,0,0.00,nan,nan,nan
1472,692,58.880,0,0.00,nan,nan,nan
1473,693,58.920,0,0.00,nan,nan,nan
1474,694,58.960,0,0.00,nan,nan,nan
1475,695,59.000,0,0.00,nan,nan,nan
1476,696,59.040,0,0.00,nan,nan,nan
1477,697,59.080,0,0.00,nan,nan,nan
1478,698,59.120,0,0.00,nan,nan,nan
1479,699,59.160,0,0.00,nan,nan,nan
1480,700,59.200,0,0.00,nan,nan,nan
1481,701,59.240,0,0.00,nan,nan,nan
1482,702,59.280,9797,0.51,22.48,14.95,30.35
1483,703,59.320,12013,0.63,21.84,16.75,32.25
1484,704,59.360,17734,0.92,22.73,19.35,32.75
1485,705,59.400,20375,1.06,22.65,19.35,33.75
1486,706,59.440,22112,1.15,22.29,19.65,32.75
1487,707,59.480,27490,1.43,22.64,19.35,33.45
1488,708,59.520,32729,1.70,22.44,18.85,43.25
1489,709,59.560,37362,1.95,22.54,18.85,48.55
1490,710,59.600,39969,2.08,22.11,18.85,51.65
1491,711,59.640,43674,2.27,21.41,16.35,25.35
1492,712,59.680,45918,2.39,21.60,14.95,27.05
1493,713,59.720,49615,2.58,21.35,14.25,27.75
1494,714,59.760,50923,2.65,21.29,14.55,30.05
1495,715,59.800,50598,2.64,21.35,14.95,30.05
1496,716,59.840,49371,2.57,21.35,15.45,27.75
1497,717,59.880,50725,2.64,21.46,15.45,25.85
1498,718,59.920,52247,2.72,21.58,16.35,24.65
1499,719,59.960,50054,2.61,21.76,16.75,30.75
1500,720,60.000,53630,2.79,22.07,17.25,36.65
1501,721,60.040,53516,2.79,22.31,16.35,36.65
1502,722,60.080,50102,2.61,22.72,18.05,38.45
1503,723,60.120,47762,2.49,23.33,18.85,44.65
1504,724,60.160,46045,2.40,23.81,19.65,48.55
1505,725,60.200,47592,2.48,24.23,19.35,57.25
1506,726,60.240,46623,2.43,24.38,19.35,55.35
1507,727,60.280,45876,2.39,24.80,19.65,57.25
1508,728,60.320,44347,2.31,25.28,18.85,64.25
1509,729,60.360,42126,2.19,25.96,18.85,139.45
1510,730,60.400,41245,2.15,25.44,18.85,92.85
1511,731,60.440,44577,2.32,26.07,18.55,130.95
1512,732,60.480,49598,2.58,27.18,18.05,150.95
1513,733,60.520,55473,2.89,28.65,17.55,154.85
1514,734,60.560,60619,3.16,28.74,16.35,154.85
1515,735,60.600,65131,3.39,29.08,16.75,156.75
1516,736,60.640,71400,3.72,29.31,16.35,158.65
1517,737,60.680,74544,3.88,32.35,16.35,159.35
1518,738,60.720,71883,3.74,39.21,15.95,201.95
1519,739,60.760,75322,3.92,41.47,15.95,201.95
1520,740,60.800,76869,4.00,42.92,15.45,200.75
1521,741,60.840,76277,3.97,42.85,15.95,196.25
1522,742,60.880,77200,4.02,40.35,15.95,191.05
1523,743,60.920,81788,4.26,39.04,15.95,213.35
1524,744,60.960,81572,4.25,38.69,15.95,215.75
1525,745,61.000,82566,4.30,34.69,18.85,148.15
1526,746,61.040,79856,4.16,33.16,18.85,145.95
1527,747,61.080,76037,3.96,32.86,20.15,145.95
1528,748,61.120,71829,3.74,31.98,19.35,140.25
1529,749,61.160,74758,3.89,30.30,19.65,124.05
1530,750,61.200,78250,4.08,29.21,17.55,117.45
1531,751,61.240,82178,4.28,28.60,15.95,105.05
1532,752,61.280,87255,4.54,28.79,15.45,107.95
1533,753,61.320,92966,4.84,28.61,12.75,107.05
1534,754,61.360,96444,5.02,28.88,13.25,102.15
1535,755,61.400,91824,4.78,31.09,14.95,109.85
1536,756,61.440,105273,5.48,34.44,14.95,167.55
1537,757,61.480,97778,5.09,43.56,18.85,241.25
1538,758,61.520,96031,5.00,50.37,18.55,243.35
1539,759,61.560,99932,5.20,51.65,18.85,241.85
1540,760,61.600,102771,5.35,52.37,16.75,234.25
1541,761,61.640,104540,5.44,63.82,20.15,248.45
1542,762,61.680,105654,5.50,74.41,20.15,253.45
1543,763,61.720,111535,5.81,82.86,20.15,252.55
1544,764,61.760,114497,5.96,84.09,19.35,250.55
1545,765,61.800,121076,6.31,82.13,18.85,248.85
1546,766,61.840,125676,6.55,75.84,18.55,246.05
1547,767,61.880,135039,7.03,67.70,18.85,242.55
1548,768,61.920,73241,3.81,34.59,18.85,156.65
1549,769,61.960,65836,3.43,31.23,18.55,142.25
1550,770,62.000,75249,3.92,32.54,18.55,147.25
1551,771,62.040,80978,4.22,32.16,16.35,157.35
1552,772,62.080,108140,5.63,32.30,14.25,161.95
1553,773,62.120,113579,5.92,32.34,13.25,162.75
1554,774,62.160,120984,6.30,32.03,14.95,158.45
1555,775,62.200,124284,6.47,31.36,15.95,143.25
1556,776,62.240,131622,6.86,31.78,15.95,138.35
1557,777,62.280,135768,7.07,32.10,15.45,170.45
1558,778,62.320,137778,7.18,33.04,15.45,185.35
1559,779,62.360,140264,7.31,32.74,14.25,198.95
1560,780,62.400,138140,7.19,31.73,12.35,155.15
1561,781,62.440,97668,5.09,31.32,11.05,113.15
1562,782,62.480,109964,5.73,31.50,11.45,116.95
1563,783,62.520,82300,4.29,32.18,13.65,143.25
1564,784,62.560,92659,4.83,33.73,16.35,137.95
1565,785,62.600,77144,4.02,35.07,20.15,121.55
1566,786,62.640,80430,4.19,35.94,20.15,162.85
1567,787,62.680,72328,3.77,36.96,20.15,169.35
1568,788,62.720,70160,3.65,36.83,18.85,170.45
1569,789,62.760,77877,4.06,34.50,18.85,167.15
1570,790,62.800,80606,4.20,33.78,19.35,165.05
1571,791,62.840,75251,3.92,33.97,19.65,172.25
1572,792,62.880,74576,3.88,34.98,19.35,180.25
1573,793,62.920,72488,3.78,34.94,19.65,185.45
1574,794,62.960,66460,3.46,36.55,19.35,185.05
1575,795,63.000,56558,2.95,38.24,19.35,182.35
1576,796,63.040,48710,2.54,41.18,19.35,178.45
1577,797,63.080,46638,2.43,42.97,19.35,174.85
1578,798,63.120,51062,2.66,54.48,19.65,242.95
1579,799,63.160,30119,1.57,75.35,20.55,236.35
1580,800,63.200,29999,1.56,74.43,20.55,239.05
1581,801,63.240,30323,1.58,91.84,20.95,246.15
1582,802,63.280,24810,1.29,106.50,22.65,238.75
1583,803,63.320,24451,1.27,106.90,22.65,217.55
1584,804,63.360,24305,1.27,102.73,23.05,216.75
1585,805,63.400,25633,1.34,107.29,23.35,217.65
1586,806,63.440,24388,1.27,102.10,23.35,222.05
1587,807,63.480,60485,3.15,45.65,18.85,217.85
1588,808,63.520,48825,2.54,39.54,18.85,221.75
1589,809,63.560,0,0.00,nan,nan,nan
1590,810,63.600,0,0.00,nan,nan,nan
1591,811,63.640,0,0.00,nan,nan,nan
1592,812,63.680,0,0.00,nan,nan,nan
1593,813,63.720,0,0.00,nan,nan,nan
1594,814,63.760,0,0.00,nan,nan,nan
1595,815,63.800,0,0.00,nan,nan,nan
1596,816,63.840,0,0.00,nan,nan,nan
1597,817,63.880,0,0.00,nan,nan,nan
1598,818,63.920,0,0.00,nan,nan,nan
1599,819,63.960,0,0.00,nan,nan,nan
1600,820,64.000,0,0.00,nan,nan,nan
1601,821,64.040,0,0.00,nan,nan,nan
1602,822,64.080,0,0.00,nan,nan,nan
1603,823,64.120,0,0.00,nan,nan,nan
1604,824,64.160,0,0.00,nan,nan,nan
1605,825,64.200,0,0.00,nan,nan,nan
1606,826,64.240,0,0.00,nan,nan,nan
1607,827,64.280,0,0.00,nan,nan,nan
1608,828,64.320,0,0.00,nan,nan,nan
1609,829,64.360,0,0.00,nan,nan,nan
1610,830,64.400,0,0.00,nan,nan,nan
1611,831,64.440,0,0.00,nan,nan,nan
1612,832,64.480,0,0.00,nan,nan,nan
1613,833,64.520,0,0.00,nan,nan,nan
1614,834,64.560,0,0.00,nan,nan,nan
1615,835,64.600,0,0.00,nan,nan,nan
1616,836,64.640,0,0.00,nan,nan,nan
1617,837,64.680,0,0.00,nan,nan,nan
1618,838,64.720,0,0.00,nan,nan,nan
1619,839,64.760,0,0.00,nan,nan,nan
1620,840,64.800,0,0.00,nan,nan,nan
1621,841,64.840,0,0.00,nan,nan,nan
1622,842,64.880,0,0.00,nan,nan,nan
1623,843,64.920,0,0.00,nan,nan,nan
1624,844,64.960,0,0.00,nan,nan,nan
1625,845,65.000,0,0.00,nan,nan,nan
1626,846,65.040,0,0.00,nan,nan,nan
1627,847,65.080,0,0.00,nan,nan,nan
1628,848,65.120,0,0.00,nan,nan,nan
1629,849,65.160,0,0.00,nan,nan,nan
1630,850,65.200,0,0.00,nan,nan,nan
1631,851,65.240,0,0.00,nan,nan,nan
1632,852,65.280,0,0.00,nan,nan,nan
1633,853,65.320,0,0.00,nan,nan,nan
1634,854,65.360,0,0.00,nan,nan,nan
1635,855,65.400,0,0.00,nan,nan,nan
1636,856,65.440,0,0.00,nan,nan,nan
1637,857,65.480,0,0.00,nan,nan,nan
1638,858,65.520,0,0.00,nan,nan,nan
1639,859,65.560,0,0.00,nan,nan,nan
1640,860,65.600,0,0.00,nan,nan,nan
1641,861,65.640,0,0.00,nan,nan,nan
1642,862,65.680,0,0.00,nan,nan,nan
1643,863,65.720,0,0.00,nan,nan,nan
1644,864,65.760,0,0.00,nan,nan,nan
1645,865,65.800,0,0.00,nan,nan,nan
1646,866,65.840,0,0.00,nan,nan,nan
1647,867,65.880,0,0.00,nan,nan,nan
1648,868,65.920,0,0.00,nan,nan,nan
1649,869,65.960,0,0.00,nan,nan,nan
1650,870,66.000,0,0.00,nan,nan,nan
1651,871,66.040,0,0.00,nan,nan,nan
1652,872,66.080,0,0.00,nan,nan,nan
1653,873,66.120,0,0.00,nan,nan,nan
1654,874,66.160,0,0.00,nan,nan,nan
1655,875,66.200,0,0.00,nan,nan,nan
1656,876,66.240,0,0.00,nan,nan,nan
1657,877,66.280,0,0.00,nan,nan,nan
1658,878,66.320,0,0.00,nan,nan,nan
1659,879,66.360,0,0.00,nan,nan,nan
1660,880,66.400,0,0.00,nan,nan,nan
1661,881,66.440,0,0.00,nan,nan,nan
1662,882,66.480,0,0.00,nan,nan,nan
1663,883,66.520,0,0.00,nan,nan,nan
1664,884,66.560,0,0.00,nan,nan,nan
1665,885,66.600,0,0.00,nan,nan,nan
1666,886,66.640,0,0.00,nan,nan,nan
1667,887,66.680,0,0.00,nan,nan,nan
1668,888,66.720,0,0.00,nan,nan,nan
1669,889,66.760,0,0.00,nan,nan,nan
1670,890,66.800,0,0.00,nan,nan,nan
1671,891,66.840,0,0.00,nan,nan,nan
1672,892,66.880,3873,0.20,56.05,34.85,124.75
1673,893,66.920,9226,0.48,56.78,27.35,138.35
1674,894,66.960,15236,0.79,64.10,25.85,240.05
1675,895,67.000,16426,0.86,65.81,25.35,242.05
1676,896,67.040,19913,1.04,53.79,24.25,118.35
1677,897,67.080,21471,1.12,53.73,23.05,122.05
1678,898,67.120,38091,1.98,48.32,20.95,118.15
1679,899,67.160,39460,2.06,50.89,20.15,150.95
1680,900,67.200,41247,2.15,53.06,20.95,172.85
1681,901,67.240,36083,1.88,55.83,23.05,176.35
1682,902,67.280,41459,2.16,53.61,23.35,178.85
1683,903,67.320,46902,2.44,50.35,22.65,179.45
1684,904,67.360,50309,2.62,48.92,21.45,178.65
1685,905,67.400,52728,2.75,48.25,20.55,189.05
1686,906,67.440,45024,2.34,51.43,20.55,192.65
1687,907,67.480,50608,2.64,50.30,20.15,193.95
1688,908,67.520,62693,3.27,46.31,19.35,192.65
1689,909,67.560,60048,3.13,46.71,19.65,192.45
1690,910,67.600,55686,2.90,48.15,20.15,189.25
1691,911,67.640,70941,3.69,45.53,20.15,186.75
1692,912,67.680,68831,3.58,45.87,20.15,186.05
1693,913,67.720,63693,3.32,47.71,20.15,183.55
1694,914,67.760,64268,3.35,48.32,20.15,179.55
1695,915,67.800,58088,3.03,49.34,19.65,171.35
1696,916,67.840,60395,3.15,48.59,20.15,169.95
1697,917,67.880,24773,1.29,50.89,23.75,156.35
1698,918,67.920,21773,1.13,51.69,23.35,148.45
1699,919,67.960,23378,1.22,52.16,23.35,158.45
1700,920,68.000,19536,1.02,52.82,23.75,151.65
1701,921,68.040,19377,1.01,50.04,23.75,118.35
1702,922,68.080,17470,0.91,49.20,24.25,111.45
1703,923,68.120,17139,0.89,50.74,24.65,114.15
1704,924,68.160,44980,2.34,39.98,20.55,112.05
1705,925,68.200,40789,2.12,37.86,20.95,100.25
1706,926,68.240,36680,1.91,36.12,20.95,105.85
1707,927,68.280,40546,2.11,39.50,20.15,146.45
1708,928,68.320,124771,6.50,33.89,15.45,148.95
1709,929,68.360,120402,6.27,34.35,14.95,149.95
1710,930,68.400,38028,1.98,58.72,20.15,237.45
1711,931,68.440,122648,6.39,41.73,14.25,242.05
1712,932,68.480,53754,2.80,56.54,19.65,250.55
1713,933,68.520,18460,0.96,106.21,25.05,246.85
1714,934,68.560,78493,4.09,63.48,19.35,257.35
1715,935,68.600,25928,1.35,113.06,26.55,255.95
1716,936,68.640,18809,0.98,106.43,28.55,250.95
1717,937,68.680,53854,2.80,76.76,18.85,258.45
1718,938,68.720,14887,0.78,72.79,27.75,202.05
1719,939,68.760,29371,1.53,58.63,20.55,189.95
1720,940,68.800,40936,2.13,49.90,19.65,188.55
1721,941,68.840,41479,2.16,50.30,20.15,167.95
1722,942,68.880,41761,2.18,49.28,21.45,161.55
1723,943,68.920,31505,1.64,48.81,23.05,163.65
1724,944,68.960,28714,1.50,46.17,22.65,148.15
1725,945,69.000,27795,1.45,44.01,23.35,150.95
1726,946,69.040,14291,0.74,42.77,23.75,131.35
1727,947,69.080,11099,0.58,34.76,22.65,92.45
1728,948,69.120,7813,0.41,27.78,21.45,77.35
1729,949,69.160,4677,0.24,27.47,22.65,39.55
1730,950,69.200,1909,0.10,25.30,20.95,37.05
1731,951,69.240,0,0.00,nan,nan,nan
1732,952,69.280,0,0.00,nan,nan,nan
1733,953,69.320,0,0.00,nan,nan,nan
1734,954,69.360,0,0.00,nan,nan,nan
1735,955,69.400,0,0.00,nan,nan,nan
1736,956,69.440,0,0.00,nan,nan,nan
1737,957,69.480,0,0.00,nan,nan,nan
1738,958,69.520,0,0.00,nan,nan,nan
1739,959,69.560,0,0.00,nan,nan,nan
1740,960,69.600,0,0.00,nan,nan,nan
1741,961,69.640,0,0.00,nan,nan,nan
1742,962,69.680,0,0.00,nan,nan,nan
1743,963,69.720,0,0.00,nan,nan,nan
1744,964,69.760,0,0.00,nan,nan,nan
1745,965,69.800,0,0.00,nan,nan,nan
1746,966,69.840,0,0.00,nan,nan,nan
1747,967,69.880,0,0.00,nan,nan,nan
1748,968,69.920,0,0.00,nan,nan,nan
1749,969,69.960,0,0.00,nan,nan,nan
1750,970,70.000,0,0.00,nan,nan,nan
1751,971,70.040,0,0.00,nan,nan,nan
1752,972,70.080,0,0.00,nan,nan,nan
1753,973,70.120,0,0.00,nan,nan,nan
1754,974,70.160,0,0.00,nan,nan,nan
1755,975,70.200,0,0.00,nan,nan,nan
1756,976,70.240,0,0.00,nan,nan,nan
1757,977,70.280,33392,1.74,19.53,14.95,23.75
1758,978,70.320,53603,2.79,24.61,15.95,138.35
1759,979,70.360,33191,1.73,23.85,15.45,74.85
1760,980,70.400,0,0.00,nan,nan,nan
1761,981,70.440,0,0.00,nan,nan,nan
1762,982,70.480,0,0.00,nan,nan,nan
1763,983,70.520,0,0.00,nan,nan,nan
1764,984,70.560,0,0.00,nan,nan,nan
1765,985,70.600,0,0.00,nan,nan,nan
1766,986,70.640,0,0.00,nan,nan,nan
1767,987,70.680,0,0.00,nan,nan,nan
1768,988,70.720,0,0.00,nan,nan,nan
1769,989,70.760,0,0.00,nan,nan,nan
1770,990,70.800,0,0.00,nan,nan,nan
1771,991,70.840,0,0.00,nan,nan,nan
1772,992,70.880,0,0.00,nan,nan,nan
1773,993,70.920,0,0.00,nan,nan,nan
1774,994,70.960,0,0.00,nan,nan,nan
1775,995,71.000,0,0.00,nan,nan,nan
1776,996,71.040,0,0.00,nan,nan,nan
1777,997,71.080,0,0.00,nan,nan,nan
1778,998,71.120,0,0.00,nan,nan,nan
1779,999,71.160,0,0.00,nan,nan,nan
1780,1000,71.200,167378,8.72,43.57,20.15,263.55
1781,1001,71.240,194875,10.15,48.35,20.15,260.25
1782,1002,71.280,169839,8.85,40.14,20.15,251.85
1783,1003,71.320,171372,8.93,40.53,20.15,252.65
1784,1004,71.360,175018,9.12,42.61,20.55,257.75
1785,1005,71.400,178514,9.30,44.45,20.55,261.15
1786,1006,71.440,179739,9.36,44.88,20.15,261.95
1787,1007,71.480,181614,9.46,45.48,20.55,260.05
1788,1008,71.520,181216,9.44,45.70,20.55,250.55
1789,1009,71.560,181210,9.44,45.67,20.55,247.55
1790,1010,71.600,182521,9.51,45.85,20.55,253.15
1791,1011,71.640,182284,9.49,45.43,20.15,231.05
1792,1012,71.680,181410,9.45,46.13,20.15,234.95
1793,1013,71.720,183712,9.57,49.17,19.35,244.45
1794,1014,71.760,185035,9.64,50.32,19.65,239.55
1795,1015,71.800,184268,9.60,49.44,20.15,238.65
1796,1016,71.840,186620,9.72,49.09,19.65,235.45
1797,1017,71.880,185341,9.65,50.31,19.35,239.75
1798,1018,71.920,186576,9.72,52.09,19.35,244.95
1799,1019,71.960,181090,9.43,51.58,19.35,253.55
1800,1020,72.000,181491,9.45,49.70,19.35,248.85
1801,1021,72.040,179744,9.36,46.72,18.85,248.65
1802,1022,72.080,178489,9.30,44.38,18.85,247.45
1803,1023,72.120,177573,9.25,41.83,18.85,237.45
1804,1024,72.160,177842,9.26,39.25,18.85,234.15
1805,1025,72.200,177268,9.23,37.47,18.55,232.45
1806,1026,72.240,173774,9.05,34.92,18.05,224.95
1807,1027,72.280,167034,8.70,34.02,18.55,226.75
1808,1028,72.320,146053,7.61,29.54,16.75,226.45
1809,1029,72.360,135859,7.08,25.89,16.35,227.05
1810,1030,72.400,136384,7.10,23.39,14.95,132.25
1811,1031,72.440,114392,5.96,20.51,14.25,26.55
1812,1032,72.480,103674,5.40,18.56,13.25,25.85
1813,1033,72.520,93145,4.85,17.54,12.75,25.35
1814,1034,72.560,85956,4.48,18.09,12.35,41.65
1815,1035,72.600,78722,4.10,18.21,13.25,46.55
1816,1036,72.640,73111,3.81,18.03,12.75,43.25
1817,1037,72.680,66011,3.44,18.09,13.25,45.65
1818,1038,72.720,57932,3.02,18.12,13.25,46.25
1819,1039,72.760,51566,2.69,18.00,14.25,39.55
1820,1040,72.800,41770,2.18,18.49,14.55,31.55
1821,1041,72.840,34271,1.78,18.76,14.25,31.25
1822,1042,72.880,29022,1.51,18.93,13.65,25.35
1823,1043,72.920,21920,1.14,18.95,13.65,25.85
1824,1044,72.960,10532,0.55,18.69,14.55,25.35
1825,1045,73.000,5362,0.28,19.07,14.25,25.05
1826,1046,73.040,4239,0.22,18.14,14.25,24.65
1827,1047,73.080,48486,2.53,20.99,15.95,58.15
1828,1048,73.120,55749,2.90,21.15,15.45,53.35
1829,1049,73.160,56521,2.94,19.30,16.35,23.35
1830,1050,73.200,53724,2.80,17.32,15.45,19.65
1831,1051,73.240,55731,2.90,16.43,13.25,19.35
1832,1052,73.280,58339,3.04,16.31,11.75,23.05
1833,1053,73.320,56531,2.94,18.95,14.25,54.75
1834,1054,73.360,57348,2.99,24.66,16.35,92.05
1835,1055,73.400,56025,2.92,28.22,16.75,122.05
1836,1056,73.440,57188,2.98,33.60,15.45,216.55
1837,1057,73.480,58362,3.04,40.64,15.45,248.15
1838,1058,73.520,58557,3.05,43.37,15.45,235.45
1839,1059,73.560,59191,3.08,50.51,15.45,230.55
1840,1060,73.600,59276,3.09,60.57,15.95,230.65
1841,1061,73.640,59585,3.10,65.41,16.35,235.55
1842,1062,73.680,62473,3.25,64.90,16.75,239.65
1843,1063,73.720,62036,3.23,65.70,16.35,241.25
1844,1064,73.760,62777,3.27,65.42,16.35,240.75
1845,1065,73.800,64036,3.34,62.64,16.35,238.45
1846,1066,73.840,64914,3.38,65.81,16.35,235.45
1847,1067,73.880,64768,3.37,72.07,16.75,234.25
1848,1068,73.920,65607,3.42,76.07,16.75,239.95
1849,1069,73.960,67072,3.49,78.25,17.25,241.25
1850,1070,74.000,67953,3.54,79.61,16.75,249.85
1851,1071,74.040,69180,3.60,76.46,16.75,252.15
1852,1072,74.080,70025,3.65,72.85,16.35,251.25
1853,1073,74.120,70988,3.70,67.17,16.35,241.75
1854,1074,74.160,71971,3.75,59.12,15.95,202.65
1855,1075,74.200,72389,3.77,52.54,15.45,193.15
1856,1076,74.240,72660,3.78,48.59,15.45,196.25
1857,1077,74.280,73385,3.82,51.96,15.45,200.95
1858,1078,74.320,74692,3.89,56.02,16.35,202.95
1859,1079,74.360,75714,3.94,63.45,16.75,223.25
1860,1080,74.400,75895,3.95,71.51,17.55,253.35
1861,1081,74.440,76746,4.00,74.84,17.55,253.35
1862,1082,74.480,75500,3.93,80.67,17.55,248.05
1863,1083,74.520,75330,3.92,85.30,18.85,244.85
1864,1084,74.560,73918,3.85,88.34,19.35,242.55
1865,1085,74.600,73545,3.83,86.23,19.65,236.25
1866,1086,74.640,73167,3.81,82.15,20.15,226.25
1867,1087,74.680,72373,3.77,78.79,20.15,204.45
1868,1088,74.720,71217,3.71,71.74,20.15,211.55
1869,1089,74.760,71620,3.73,66.21,18.85,227.15
1870,1090,74.800,70477,3.67,61.07,18.85,231.15
1871,1091,74.840,71007,3.70,51.93,19.35,233.45
1872,1092,74.880,69496,3.62,44.80,18.85,214.45
1873,1093,74.920,69078,3.60,40.84,19.35,147.15
1874,1094,74.960,68742,3.58,37.74,20.15,121.95
1875,1095,75.000,68151,3.55,34.40,20.55,146.25
1876,1096,75.040,66788,3.48,32.68,20.95,165.05
1877,1097,75.080,65642,3.42,33.91,20.95,171.75
1878,1098,75.120,65605,3.42,38.02,21.75,176.55
1879,1099,75.160,66970,3.49,39.31,21.75,180.55
1880,1100,75.200,66724,3.48,39.71,22.65,183.55
1881,1101,75.240,66654,3.47,39.45,21.75,186.95
1882,1102,75.280,66912,3.48,39.04,21.75,188.45
1883,1103,75.320,67638,3.52,38.09,21.45,189.65
1884,1104,75.360,66855,3.48,37.17,21.45,188.45
1885,1105,75.400,66893,3.48,36.64,21.45,186.45
1886,1106,75.440,66621,3.47,35.95,21.45,188.05
1887,1107,75.480,66402,3.46,35.19,21.45,186.45
1888,1108,75.520,65007,3.39,34.16,20.55,188.85
1889,1109,75.560,64453,3.36,32.02,20.95,186.75
1890,1110,75.600,63838,3.32,30.71,20.95,180.55
1891,1111,75.640,63448,3.30,29.56,20.95,159.55
1892,1112,75.680,62063,3.23,27.73,20.95,69.55
1893,1113,75.720,61379,3.20,26.73,20.55,47.25
1894,1114,75.760,61477,3.20,26.34,20.55,44.65
1895,1115,75.800,61137,3.18,26.24,20.95,43.55
1896,1116,75.840,62168,3.24,26.23,20.55,43.95
1897,1117,75.880,62288,3.24,26.28,20.95,42.65
1898,1118,75.920,61391,3.20,26.35,20.55,42.65
1899,1119,75.960,61773,3.22,26.72,20.95,43.55
1900,1120,76.000,64790,3.37,27.26,20.95,52.65
1901,1121,76.040,67331,3.51,27.46,20.95,75.45
1902,1122,76.080,63677,3.32,26.94,20.95,47.85
1903,1123,76.120,61570,3.21,26.93,20.95,45.25
1904,1124,76.160,61406,3.20,27.04,20.55,47.55
1905,1125,76.200,62399,3.25,27.17,20.55,56.65
1906,1126,76.240,65331,3.40,27.54,20.15,90.45
1907,1127,76.280,62781,3.27,27.02,20.15,59.65
1908,1128,76.320,63501,3.31,27.30,19.65,64.25
1909,1129,76.360,64519,3.36,27.56,19.65,90.25
1910,1130,76.400,63306,3.30,27.15,19.65,72.75
1911,1131,76.440,57090,2.97,26.73,20.15,49.85
1912,1132,76.480,54575,2.84,26.53,20.15,45.25
1913,1133,76.520,53991,2.81,27.04,20.15,46.25
1914,1134,76.560,56630,2.95,28.54,20.15,71.05
1915,1135,76.600,57749,3.01,28.54,20.55,84.05
1916,1136,76.640,58943,3.07,28.41,20.55,83.85
1917,1137,76.680,61837,3.22,28.61,20.95,92.25
1918,1138,76.720,57738,3.01,28.80,20.55,80.45
1919,1139,76.760,61227,3.19,29.11,20.95,87.35
1920,1140,76.800,60248,3.14,29.18,20.55,74.85
1921,1141,76.840,61782,3.22,29.10,21.45,73.05
1922,1142,76.880,61962,3.23,29.26,21.45,81.95
1923,1143,76.920,62645,3.26,29.26,21.45,98.65
1924,1144,76.960,62780,3.27,29.39,20.95,114.15
1925,1145,77.000,62687,3.26,29.65,21.45,110.55
1926,1146,77.040,62515,3.26,29.98,21.45,105.45
1927,1147,77.080,62225,3.24,30.09,21.45,111.25
1928,1148,77.120,63115,3.29,30.02,21.75,114.55
1929,1149,77.160,64447,3.36,29.72,21.45,83.35
1930,1150,77.200,64012,3.33,29.06,21.45,72.05
1931,1151,77.240,63216,3.29,29.13,21.45,80.85
1932,1152,77.280,61536,3.21,29.16,20.95,78.35
1933,1153,77.320,64746,3.37,30.61,21.45,158.05
1934,1154,77.360,67393,3.51,32.47,21.45,187.95
1935,1155,77.400,61065,3.18,30.10,21.45,118.35
1936,1156,77.440,61366,3.20,30.46,21.45,147.95
1937,1157,77.480,61594,3.21,30.49,21.45,152.35
1938,1158,77.520,61714,3.21,30.31,21.45,131.25
1939,1159,77.560,65604,3.42,32.68,21.45,206.25
1940,1160,77.600,64678,3.37,31.47,21.45,177.95
1941,1161,77.640,62235,3.24,30.22,21.45,119.75
1942,1162,77.680,63933,3.33,30.44,21.45,148.45
1943,1163,77.720,64750,3.37,31.80,21.45,176.95
1944,1164,77.760,67857,3.53,32.57,21.45,194.55
1945,1165,77.800,65976,3.44,31.83,21.45,183.85
1946,1166,77.840,67977,3.54,33.07,20.95,197.35
1947,1167,77.880,65839,3.43,31.80,21.45,164.15
1948,1168,77.920,64267,3.35,31.35,21.45,151.25
1949,1169,77.960,64879,3.38,30.81,21.75,150.95
1950,1170,78.000,67967,3.54,31.81,21.75,185.95
1951,1171,78.040,62080,3.23,28.29,21.75,51.65
1952,1172,78.080,63010,3.28,28.33,21.75,56.95
1953,1173,78.120,68637,3.57,29.62,21.75,131.35
1954,1174,78.160,63970,3.33,28.56,21.75,52.85
1955,1175,78.200,64337,3.35,28.72,21.75,49.85
1956,1176,78.240,65094,3.39,28.87,21.75,49.25
1957,1177,78.280,65121,3.39,28.89,21.75,44.95
1958,1178,78.320,71327,3.71,29.92,21.45,83.85
1959,1179,78.360,73529,3.83,30.94,21.45,71.05
1960,1180,78.400,65675,3.42,34.07,21.75,112.75
1961,1181,78.440,65314,3.40,35.53,21.45,147.25
1962,1182,78.480,61921,3.23,37.26,21.45,153.15
1963,1183,78.520,68078,3.55,34.41,20.95,104.65
1964,1184,78.560,65449,3.41,33.72,20.95,102.75
1965,1185,78.600,63995,3.33,31.90,20.95,69.55
1966,1186,78.640,63421,3.30,31.16,20.95,100.05
1967,1187,78.680,66263,3.45,35.45,20.55,181.85
1968,1188,78.720,61898,3.22,35.20,20.95,195.85
1969,1189,78.760,57498,2.99,33.29,20.95,193.65
1970,1190,78.800,55675,2.90,32.23,21.45,191.85
1971,1191,78.840,54776,2.85,32.72,20.95,199.65
1972,1192,78.880,53901,2.81,27.82,20.55,135.45
1973,1193,78.920,54782,2.85,27.15,20.95,126.15
1974,1194,78.960,58758,3.06,27.75,20.95,165.65
1975,1195,79.000,63228,3.29,29.77,21.45,173.45
1976,1196,79.040,63366,3.30,28.31,20.95,42.25
1977,1197,79.080,64287,3.35,28.82,21.45,42.65
1978,1198,79.120,67987,3.54,29.51,21.45,51.45
1979,1199,79.160,69661,3.63,30.61,21.75,64.45
1980,1200,79.200,69628,3.63,30.87,21.75,62.55
1981,1201,79.240,78615,4.09,33.23,21.75,101.15
1982,1202,79.280,70658,3.68,35.83,22.65,150.65
1983,1203,79.320,79367,4.13,41.75,22.65,201.25
1984,1204,79.360,83863,4.37,43.21,22.65,214.15
1985,1205,79.400,89042,4.64,43.93,22.65,226.05
1986,1206,79.440,54354,2.83,42.23,22.65,177.25
1987,1207,79.480,51697,2.69,39.97,22.65,144.85
1988,1208,79.520,58426,3.04,38.41,24.25,94.25
1989,1209,79.560,57410,2.99,37.26,24.25,101.45
1990,1210,79.600,38062,1.98,31.47,24.25,45.65
1991,1211,79.640,35855,1.87,32.04,26.25,45.65
1992,1212,79.680,35260,1.84,33.81,26.25,62.55
1993,1213,79.720,33263,1.73,37.89,27.05,76.05
1994,1214,79.760,49653,2.59,39.51,26.25,93.95
1995,1215,79.800,53893,2.81,44.86,25.35,161.15
1996,1216,79.840,73438,3.82,51.93,25.05,278.95
1997,1217,79.880,69664,3.63,57.80,25.05,280.05
1998,1218,79.920,78460,4.09,81.04,25.05,288.05
1999,1219,79.960,76830,4.00,93.73,25.05,293.35
2000,1220,80.000,75802,3.95,90.10,25.35,286.85
2001,1221,80.040,65079,3.39,72.68,25.35,277.55
2002,1222,80.080,68247,3.55,70.42,26.25,279.45
2003,1223,80.120,70692,3.68,67.59,25.35,280.75
2004,1224,80.160,69385,3.61,50.80,25.05,272.55
2005,1225,80.200,90855,4.73,75.63,24.65,276.05
2006,1226,80.240,64051,3.34,36.96,24.25,80.05
2007,1227,80.280,72481,3.78,53.81,23.75,281.85
2008,1228,80.320,49413,2.57,30.72,23.75,47.85
2009,1229,80.360,50568,2.63,30.87,23.75,46.55
2010,1230,80.400,51026,2.66,30.65,23.75,46.25
2011,1231,80.440,51415,2.68,30.57,24.25,46.25
2012,1232,80.480,56241,2.93,31.68,23.75,69.25
2013,1233,80.520,59064,3.08,33.17,24.25,83.35
2014,1234,80.560,65586,3.42,36.59,24.25,145.25
2015,1235,80.600,67042,3.49,41.51,25.35,199.65
2016,1236,80.640,64398,3.35,48.16,25.35,228.25
2017,1237,80.680,67269,3.50,55.68,24.65,231.15
2018,1238,80.720,70643,3.68,62.30,24.25,243.05
2019,1239,80.760,74134,3.86,70.29,23.75,245.05
2020,1240,80.800,93097,4.85,72.94,23.75,246.95
2021,1241,80.840,55498,2.89,93.42,23.05,246.75
2022,1242,80.880,49382,2.57,94.99,24.25,241.85
2023,1243,80.920,50040,2.61,98.03,24.25,241.85
2024,1244,80.960,79396,4.14,67.46,23.05,233.85
2025,1245,81.000,71630,3.73,58.03,23.35,234.75
2026,1246,81.040,46885,2.44,49.78,23.75,222.35
2027,1247,81.080,47013,2.45,42.16,24.25,155.85
2028,1248,81.120,45708,2.38,37.31,24.25,78.35
2029,1249,81.160,32040,1.67,34.67,25.05,56.95
2030,1250,81.200,25748,1.34,29.33,25.35,42.25
2031,1251,81.240,27073,1.41,31.26,25.35,44.25
2032,1252,81.280,27327,1.42,33.33,25.85,46.25
2033,1253,81.320,30698,1.60,36.20,25.05,76.55
2034,1254,81.360,48992,2.55,36.20,24.65,81.95
2035,1255,81.400,53448,2.78,42.64,24.65,125.35
2036,1256,81.440,54563,2.84,44.62,25.05,143.95
2037,1257,81.480,61966,3.23,55.20,25.05,249.45
2038,1258,81.520,71980,3.75,70.24,25.05,254.45
2039,1259,81.560,62267,3.24,67.05,25.85,248.05
2040,1260,81.600,59820,3.12,71.84,25.85,252.45
2041,1261,81.640,62902,3.28,79.63,25.35,254.35
2042,1262,81.680,77045,4.01,80.10,25.05,275.25
2043,1263,81.720,81340,4.24,86.87,25.85,288.45
2044,1264,81.760,86800,4.52,93.52,25.35,281.75
2045,1265,81.800,57744,3.01,38.01,25.35,102.35
2046,1266,81.840,44131,2.30,31.32,25.05,47.25
2047,1267,81.880,45330,2.36,30.94,25.05,45.25
2048,1268,81.920,49266,2.57,30.95,25.05,45.25
2049,1269,81.960,48469,2.52,30.89,25.05,46.05
2050,1270,82.000,55343,2.88,31.42,24.25,50.15
2051,1271,82.040,60007,3.13,31.88,24.25,54.55
2052,1272,82.080,61686,3.21,32.96,24.25,71.05
2053,1273,82.120,66433,3.46,35.35,23.35,82.85
2054,1274,82.160,70225,3.66,38.58,22.65,119.55
2055,1275,82.200,73300,3.82,43.29,22.65,184.65
2056,1276,82.240,72740,3.79,46.63,22.65,250.45
2057,1277,82.280,74782,3.89,52.07,22.65,284.25
2058,1278,82.320,72019,3.75,58.30,22.65,285.25
2059,1279,82.360,61713,3.21,69.34,23.35,288.55
2060,1280,82.400,56535,2.94,78.86,23.35,288.25
2061,1281,82.440,49385,2.57,81.95,23.75,288.85
2062,1282,82.480,46207,2.41,72.04,24.25,287.55
2063,1283,82.520,46296,2.41,63.72,23.05,288.25
2064,1284,82.560,45654,2.38,54.98,24.25,288.05
2065,1285,82.600,48683,2.54,46.12,24.25,195.45
2066,1286,82.640,61267,3.19,41.13,24.65,130.45
2067,1287,82.680,47115,2.45,38.63,25.05,91.15
2068,1288,82.720,44758,2.33,37.36,24.65,81.75
2069,1289,82.760,33269,1.73,30.60,25.05,44.65
2070,1290,82.800,36005,1.88,31.72,25.35,47.25
2071,1291,82.840,47121,2.45,37.06,25.35,77.55
2072,1292,82.880,33206,1.73,31.15,25.35,44.65
2073,1293,82.920,34990,1.82,31.56,25.35,45.25
2074,1294,82.960,31643,1.65,31.21,25.35,44.95
2075,1295,83.000,34110,1.78,31.98,25.05,44.65
2076,1296,83.040,31540,1.64,31.54,25.05,44.65
2077,1297,83.080,31784,1.66,31.77,25.05,45.25
2078,1298,83.120,30984,1.61,31.60,25.35,45.65
2079,1299,83.160,33086,1.72,32.43,25.05,52.35
2080,1300,83.200,32624,1.70,32.25,24.65,52.65
2081,1301,83.240,32534,1.69,32.09,24.25,52.65
2082,1302,83.280,29418,1.53,31.29,24.25,50.75
2083,1303,83.320,29559,1.54,31.57,23.75,52.65
2084,1304,83.360,29245,1.52,31.61,23.75,52.35
2085,1305,83.400,28996,1.51,32.20,24.25,52.65
2086,1306,83.440,27906,1.45,32.18,24.25,52.65
2087,1307,83.480,28122,1.46,32.72,23.75,52.85
2088,1308,83.520,26893,1.40,32.26,24.25,50.75
2089,1309,83.560,27371,1.43,32.41,24.25,53.35
2090,1310,83.600,26911,1.40,32.09,23.75,54.55
2091,1311,83.640,27439,1.43,32.17,23.75,55.35
2092,1312,83.680,27501,1.43,31.90,23.75,54.25
2093,1313,83.720,26443,1.38,31.73,24.25,55.35
2094,1314,83.760,26524,1.38,32.38,24.25,57.55
2095,1315,83.800,27324,1.42,33.28,24.65,58.55
2096,1316,83.840,27358,1.42,33.84,24.65,61.05
2097,1317,83.880,27398,1.43,34.04,24.25,62.55
2098,1318,83.920,27675,1.44,34.40,24.65,62.55
2099,1319,83.960,27753,1.45,34.61,25.05,62.55
2100,1320,84.000,27890,1.45,35.05,25.05,63.35
2101,1321,84.040,28563,1.49,35.39,25.05,63.75
2102,1322,84.080,28456,1.48,35.63,25.35,65.45
2103,1323,84.120,28791,1.50,36.10,25.35,68.45
2104,1324,84.160,28923,1.51,36.47,25.35,69.25
2105,1325,84.200,29217,1.52,36.55,25.35,67.05
2106,1326,84.240,28254,1.47,35.86,26.25,63.35
2107,1327,84.280,27836,1.45,35.59,26.25,61.05
2108,1328,84.320,27917,1.45,35.54,26.55,60.55
2109,1329,84.360,27778,1.45,35.40,26.55,58.15
2110,1330,84.400,27433,1.43,35.16,26.25,58.55
2111,1331,84.440,27422,1.43,35.22,25.85,57.75
2112,1332,84.480,27570,1.44,35.36,25.85,58.55
2113,1333,84.520,25506,1.33,33.65,25.35,57.55
2114,1334,84.560,25025,1.30,33.01,25.05,57.75
2115,1335,84.600,31847,1.66,47.75,25.05,197.95
2116,1336,84.640,30991,1.61,44.26,24.65,187.95
2117,1337,84.680,33432,1.74,44.31,24.25,190.15
2118,1338,84.720,33303,1.73,42.91,24.25,190.15
2119,1339,84.760,50887,2.65,48.55,21.75,186.75
2120,1340,84.800,51495,2.68,46.94,21.45,184.95
2121,1341,84.840,56884,2.96,42.89,21.75,185.45
2122,1342,84.880,54766,2.85,42.06,21.75,186.45
2123,1343,84.920,55348,2.88,41.31,21.75,184.95
2124,1344,84.960,55643,2.90,40.10,21.45,185.05
2125,1345,85.000,58915,3.07,39.27,21.45,181.25
2126,1346,85.040,59821,3.12,40.00,21.45,178.85
2127,1347,85.080,61603,3.21,42.75,21.75,178.65
2128,1348,85.120,64253,3.35,42.64,21.45,184.05
2129,1349,85.160,65046,3.39,44.18,21.75,186.15
2130,1350,85.200,67632,3.52,44.94,21.75,185.45
2131,1351,85.240,55817,2.91,40.70,21.75,174.75
2132,1352,85.280,50968,2.65,40.45,21.75,175.75
2133,1353,85.320,48003,2.50,39.90,21.75,176.95
2134,1354,85.360,46390,2.42,39.83,21.75,179.65
2135,1355,85.400,41889,2.18,40.98,24.25,190.45
2136,1356,85.440,42282,2.20,36.34,25.35,66.85
2137,1357,85.480,38660,2.01,39.29,26.55,170.55
2138,1358,85.520,40242,2.10,46.90,27.75,196.35
2139,1359,85.560,62779,3.27,72.64,27.75,195.25
2140,1360,85.600,67195,3.50,69.35,27.75,192.75
2141,1361,85.640,64156,3.34,64.94,26.55,189.35
2142,1362,85.680,66264,3.45,60.25,26.55,186.35
2143,1363,85.720,59135,3.08,57.62,25.85,177.65
2144,1364,85.760,45282,2.36,41.18,26.25,160.05
2145,1365,85.800,77029,4.01,50.74,25.05,146.95
2146,1366,85.840,83683,4.36,49.88,25.05,156.75
2147,1367,85.880,60145,3.13,39.11,25.05,157.75
2148,1368,85.920,83766,4.36,49.52,25.05,170.05
2149,1369,85.960,88689,4.62,50.89,25.05,177.95
2150,1370,86.000,85164,4.44,49.93,25.05,189.65
2151,1371,86.040,82521,4.30,50.18,25.05,192.15
2152,1372,86.080,76523,3.99,48.08,24.25,202.95
2153,1373,86.120,86929,4.53,57.33,24.25,204.45
2154,1374,86.160,88787,4.62,58.63,24.25,193.55
2155,1375,86.200,88048,4.59,60.09,24.25,197.75
2156,1376,86.240,89896,4.68,62.41,24.25,222.35
2157,1377,86.280,74665,3.89,63.33,24.65,228.85
2158,1378,86.320,72059,3.75,59.96,25.05,224.05
2159,1379,86.360,80922,4.21,62.59,25.05,231.45
2160,1380,86.400,69407,3.61,49.43,25.05,210.65
2161,1381,86.440,64120,3.34,41.50,25.05,198.45
2162,1382,86.480,69013,3.59,42.60,24.65,188.45
2163,1383,86.520,89254,4.65,60.19,23.75,225.05
2164,1384,86.560,88908,4.63,56.45,24.25,232.25
2165,1385,86.600,88979,4.63,52.97,22.65,235.15
2166,1386,86.640,71076,3.70,43.85,22.65,235.35
2167,1387,86.680,70373,3.67,42.49,22.65,227.55
2168,1388,86.720,83994,4.37,50.07,23.05,227.95
2169,1389,86.760,87526,4.56,53.39,23.05,224.95
2170,1390,86.800,81465,4.24,45.56,22.65,217.05
2171,1391,86.840,83195,4.33,40.32,21.75,207.25
2172,1392,86.880,83884,4.37,36.91,21.45,196.95
2173,1393,86.920,35615,1.85,30.72,21.75,49.25
2174,1394,86.960,36802,1.92,32.15,21.75,96.35
2175,1395,87.000,87465,4.56,41.27,23.05,176.25
2176,1396,87.040,85466,4.45,47.22,23.75,181.55
2177,1397,87.080,84251,4.39,46.96,23.75,184.05
2178,1398,87.120,84277,4.39,46.96,23.05,186.95
2179,1399,87.160,79639,4.15,48.05,23.35,188.25
2180,1400,87.200,79624,4.15,47.95,23.35,183.95
2181,1401,87.240,78781,4.10,47.98,23.05,179.05
2182,1402,87.280,80522,4.19,47.01,22.65,177.55
2183,1403,87.320,82946,4.32,47.34,22.65,176.75
2184,1404,87.360,83811,4.37,47.10,21.75,174.85
2185,1405,87.400,87440,4.55,48.41,22.65,177.95
2186,1406,87.440,88078,4.59,49.69,22.65,183.25
2187,1407,87.480,88763,4.62,51.55,22.65,186.15
2188,1408,87.520,89362,4.65,52.80,22.65,187.95
2189,1409,87.560,89732,4.67,52.89,23.05,186.35
2190,1410,87.600,90174,4.70,54.46,23.05,183.85
2191,1411,87.640,90338,4.71,54.58,22.65,185.85
2192,1412,87.680,88039,4.59,54.03,22.65,186.05
2193,1413,87.720,89025,4.64,54.89,22.65,186.05
2194,1414,87.760,87925,4.58,56.95,22.65,189.25
2195,1415,87.800,87648,4.57,58.97,23.05,192.25
2196,1416,87.840,87168,4.54,59.77,22.65,192.75
2197,1417,87.880,89498,4.66,59.84,22.65,193.65
2198,1418,87.920,91110,4.75,61.01,23.05,196.35
2199,1419,87.960,92443,4.81,62.31,23.35,201.15
2200,1420,88.000,92984,4.84,61.94,23.05,204.05
2201,1421,88.040,92446,4.81,59.15,23.35,200.95
2202,1422,88.080,90821,4.73,57.32,23.35,196.65
2203,1423,88.120,91258,4.75,58.31,23.05,192.25
2204,1424,88.160,88435,4.61,55.26,23.05,190.45
2205,1425,88.200,89095,4.64,53.21,23.05,185.85
2206,1426,88.240,88101,4.59,49.80,22.65,158.95
2207,1427,88.280,85634,4.46,47.15,22.65,143.85
2208,1428,88.320,86637,4.51,44.81,21.75,139.05
2209,1429,88.360,88252,4.60,42.92,21.45,129.55
2210,1430,88.400,87869,4.58,41.72,21.45,131.05
2211,1431,88.440,90005,4.69,41.87,20.55,149.45
2212,1432,88.480,90547,4.72,41.22,20.95,151.35
2213,1433,88.520,92619,4.82,41.69,20.55,140.75
2214,1434,88.560,94187,4.91,42.97,20.15,134.85
2215,1435,88.600,94942,4.94,43.24,20.55,137.05
2216,1436,88.640,56587,2.95,41.74,20.55,136.45
2217,1437,88.680,59512,3.10,42.88,20.15,138.75
2218,1438,88.720,78953,4.11,41.02,19.65,128.85
2219,1439,88.760,92270,4.81,41.31,19.35,123.25
2220,1440,88.800,91694,4.78,40.27,18.85,119.35
2221,1441,88.840,92955,4.84,40.62,18.85,124.85
2222,1442,88.880,93177,4.85,40.54,18.85,124.85
2223,1443,88.920,93700,4.88,41.41,19.35,133.45
2224,1444,88.960,95628,4.98,41.04,18.85,131.85
2225,1445,89.000,99343,5.17,40.71,19.35,123.35
2226,1446,89.040,108407,5.65,42.40,19.35,144.85
2227,1447,89.080,111168,5.79,43.56,18.85,151.65
2228,1448,89.120,112622,5.87,43.74,18.55,160.45
2229,1449,89.160,121363,6.32,46.03,18.85,166.55
2230,1450,89.200,125973,6.56,56.08,18.85,200.65
2231,1451,89.240,129313,6.74,62.72,18.55,215.75
2232,1452,89.280,143331,7.47,64.36,19.35,196.75
2233,1453,89.320,129570,6.75,63.08,19.35,185.05
2234,1454,89.360,126671,6.60,54.95,19.35,174.85
2235,1455,89.400,130927,6.82,53.28,19.35,168.45
2236,1456,89.440,116913,6.09,43.00,18.05,133.65
2237,1457,89.480,111157,5.79,41.60,18.05,142.25
2238,1458,89.520,91667,4.77,38.12,18.05,145.65
2239,1459,89.560,97098,5.06,37.76,18.05,151.35
2240,1460,89.600,106916,5.57,36.92,17.55,157.45
2241,1461,89.640,113275,5.90,35.22,17.55,160.25
2242,1462,89.680,87484,4.56,28.91,16.75,154.45
2243,1463,89.720,98728,5.14,29.47,17.55,127.25
2244,1464,89.760,100298,5.22,28.52,17.25,119.35
2245,1465,89.800,105742,5.51,30.05,17.55,124.85
2246,1466,89.840,110689,5.77,31.16,18.05,110.05
2247,1467,89.880,105499,5.49,34.06,18.55,140.45
2248,1468,89.920,97901,5.10,36.94,18.85,137.85
2249,1469,89.960,96251,5.01,39.05,18.55,186.95
2250,1470,90.000,104410,5.44,37.12,18.55,171.05
2251,1471,90.040,112066,5.84,33.64,18.55,113.55
2252,1472,90.080,100186,5.22,33.28,18.85,121.75
2253,1473,90.120,84031,4.38,34.09,18.85,124.75
2254,1474,90.160,77973,4.06,33.31,18.05,114.15
2255,1475,90.200,69051,3.60,32.77,18.85,113.75
2256,1476,90.240,54864,2.86,24.27,19.35,68.25
2257,1477,90.280,52715,2.75,35.99,19.35,135.15
2258,1478,90.320,52018,2.71,35.97,19.35,133.95
2259,1479,90.360,94991,4.95,45.96,18.85,147.85
2260,1480,90.400,91463,4.76,47.05,19.35,145.25
2261,1481,90.440,72162,3.76,40.04,18.85,142.75
2262,1482,90.480,74584,3.88,40.67,18.85,142.25
2263,1483,90.520,74530,3.88,38.79,18.85,139.05
2264,1484,90.560,68820,3.58,34.91,19.65,126.15
2265,1485,90.600,67515,3.52,35.09,20.95,123.35
2266,1486,90.640,56537,2.94,35.96,21.45,124.85
2267,1487,90.680,56825,2.96,53.57,23.05,189.65
2268,1488,90.720,57081,2.97,64.04,23.75,192.65
2269,1489,90.760,53872,2.81,72.99,23.35,193.85
2270,1490,90.800,124744,6.50,82.81,20.95,203.65
2271,1491,90.840,126490,6.59,86.74,21.45,205.45
2272,1492,90.880,127965,6.66,87.05,21.45,206.45
2273,1493,90.920,134118,6.99,88.47,20.95,208.35
2274,1494,90.960,128986,6.72,87.61,20.95,208.95
2275,1495,91.000,119934,6.25,88.77,20.95,208.05
2276,1496,91.040,120552,6.28,81.38,21.45,201.15
2277,1497,91.080,107851,5.62,75.17,21.75,203.85
2278,1498,91.120,103097,5.37,68.70,21.75,213.05
2279,1499,91.160,94133,4.90,58.44,20.55,210.15
2280,1500,91.200,83250,4.34,46.02,20.15,209.85
2281,1501,91.240,83955,4.37,43.99,20.15,209.85
2282,1502,91.280,88063,4.59,44.16,20.55,151.25
2283,1503,91.320,133630,6.96,54.45,20.15,206.85
2284,1504,91.360,141548,7.37,55.83,20.55,213.35
2285,1505,91.400,83758,4.36,43.42,20.15,202.65
2286,1506,91.440,85962,4.48,45.65,20.15,209.55
2287,1507,91.480,94957,4.95,48.95,20.15,225.25
2288,1508,91.520,100415,5.23,53.51,20.15,235.65
2289,1509,91.560,107208,5.58,59.50,20.15,238.95
2290,1510,91.600,113190,5.90,66.47,19.65,249.25
2291,1511,91.640,107407,5.59,68.18,20.15,251.25
2292,1512,91.680,121268,6.32,86.11,20.15,253.45
2293,1513,91.720,108012,5.63,90.78,20.15,256.55
2294,1514,91.760,113526,5.91,101.40,20.15,257.85
2295,1515,91.800,102229,5.32,101.65,20.15,257.85
2296,1516,91.840,80259,4.18,94.34,20.15,244.25
2297,1517,91.880,70956,3.70,80.38,20.15,243.35
2298,1518,91.920,124611,6.49,71.68,20.15,252.65
2299,1519,91.960,80958,4.22,34.88,20.15,134.35
2300,1520,92.000,81349,4.24,34.73,20.55,89.25
2301,1521,92.040,78754,4.10,35.20,20.95,107.95
2302,1522,92.080,76307,3.97,33.79,20.15,79.45
2303,1523,92.120,73037,3.80,33.54,19.65,97.45
2304,1524,92.160,101107,5.27,41.71,20.95,179.55
2305,1525,92.200,96679,5.04,40.89,20.55,179.05
2306,1526,92.240,83162,4.33,39.74,20.15,204.35
2307,1527,92.280,100405,5.23,57.84,20.55,236.25
2308,1528,92.320,99536,5.18,68.13,20.55,236.25
2309,1529,92.360,97482,5.08,77.07,20.55,237.25
2310,1530,92.400,91246,4.75,71.83,20.95,235.45
2311,1531,92.440,87538,4.56,69.98,21.75,237.55
2312,1532,92.480,89351,4.65,65.72,21.75,240.15
2313,1533,92.520,96371,5.02,58.45,21.45,240.15
2314,1534,92.560,98579,5.13,53.08,20.95,234.55
2315,1535,92.600,96644,5.03,56.50,20.95,235.65
2316,1536,92.640,78976,4.11,36.09,20.95,139.75
2317,1537,92.680,76336,3.98,33.70,20.55,138.35
2318,1538,92.720,77472,4.04,32.86,20.15,128.85
2319,1539,92.760,81753,4.26,31.72,20.15,125.05
2320,1540,92.800,83920,4.37,29.74,20.15,54.75
2321,1541,92.840,88334,4.60,29.82,20.15,59.65
2322,1542,92.880,91342,4.76,30.55,20.15,71.75
2323,1543,92.920,93017,4.84,30.70,19.65,76.35
2324,1544,92.960,100544,5.24,32.08,20.15,107.45
2325,1545,93.000,104719,5.45,33.70,18.85,137.35
2326,1546,93.040,108905,5.67,38.25,20.15,170.05
2327,1547,93.080,118005,6.15,44.90,20.15,183.15
2328,1548,93.120,119179,6.21,55.46,20.15,194.55
2329,1549,93.160,111234,5.79,62.47,20.55,192.55
2330,1550,93.200,100279,5.22,62.95,20.55,194.35
2331,1551,93.240,95683,4.98,77.33,20.55,209.95
2332,1552,93.280,60081,3.13,75.32,20.55,214.65
2333,1553,93.320,54632,2.85,76.76,20.55,209.55
2334,1554,93.360,56417,2.94,90.29,20.95,225.75
2335,1555,93.400,52807,2.75,78.82,20.95,224.15
2336,1556,93.440,68869,3.59,56.49,20.55,225.35
2337,1557,93.480,71259,3.71,42.82,20.55,186.45
2338,1558,93.520,63887,3.33,28.80,20.55,46.55
2339,1559,93.560,62974,3.28,28.69,20.15,45.25
2340,1560,93.600,72211,3.76,31.05,20.15,84.65
2341,1561,93.640,67221,3.50,29.68,20.55,46.55
2342,1562,93.680,69913,3.64,30.50,20.15,67.05
2343,1563,93.720,62918,3.28,29.24,20.15,47.85
2344,1564,93.760,72785,3.79,30.90,20.15,54.75
2345,1565,93.800,65623,3.42,30.57,20.55,51.45
2346,1566,93.840,65419,3.41,30.33,20.15,53.65
2347,1567,93.880,65040,3.39,30.14,20.15,58.75
2348,1568,93.920,63900,3.33,29.84,20.15,53.35
2349,1569,93.960,64475,3.36,29.94,19.65,50.15
2350,1570,94.000,60740,3.16,29.41,19.65,49.85
2351,1571,94.040,62375,3.25,29.31,19.35,56.35
2352,1572,94.080,58592,3.05,27.97,18.85,52.65
2353,1573,94.120,57099,2.97,26.75,18.55,48.55
2354,1574,94.160,57997,3.02,26.18,18.55,43.95
2355,1575,94.200,55879,2.91,25.54,17.55,40.55
2356,1576,94.240,55531,2.89,24.97,17.55,39.55
2357,1577,94.280,55333,2.88,24.67,17.25,39.05
2358,1578,94.320,53936,2.81,24.39,16.75,38.75
2359,1579,94.360,53124,2.77,23.29,16.75,36.65
2360,1580,94.400,51745,2.70,22.58,16.35,38.45
2361,1581,94.440,50501,2.63,22.24,16.35,36.65
2362,1582,94.480,50175,2.61,21.78,15.95,35.65
2363,1583,94.520,50806,2.65,21.34,15.45,35.65
2364,1584,94.560,49472,2.58,21.01,15.45,37.75
2365,1585,94.600,47898,2.49,20.42,14.95,34.85
2366,1586,94.640,48229,2.51,20.12,14.55,35.65
2367,1587,94.680,45951,2.39,19.63,14.25,28.55
2368,1588,94.720,50225,2.62,19.09,14.25,27.75
2369,1589,94.760,48220,2.51,18.27,14.25,25.85
2370,1590,94.800,52994,2.76,18.23,13.65,33.15
2371,1591,94.840,53657,2.79,17.83,13.25,33.75
2372,1592,94.880,57255,2.98,17.56,13.25,27.75
2373,1593,94.920,58017,3.02,17.06,12.35,33.45
2374,1594,94.960,57466,2.99,16.63,12.35,27.05
2375,1595,95.000,58162,3.03,15.92,12.35,26.25
2376,1596,95.040,65979,3.44,16.14,11.75,27.75
2377,1597,95.080,71870,3.74,16.99,11.75,35.95
2378,1598,95.120,78321,4.08,17.46,11.45,35.65
2379,1599,95.160,92891,4.84,18.21,11.45,37.75
2380,1600,95.200,92719,4.83,18.02,11.05,37.05
2381,1601,95.240,90404,4.71,17.72,11.05,37.75
2382,1602,95.280,89864,4.68,17.46,10.55,36.65
2383,1603,95.320,89363,4.65,17.47,10.15,36.35
2384,1604,95.360,92122,4.80,17.63,10.15,35.95
2385,1605,95.400,94287,4.91,17.54,9.55,35.95
2386,1606,95.440,97054,5.05,17.26,9.15,35.65
2387,1607,95.480,96289,5.02,17.01,9.15,35.35
2388,1608,95.520,96455,5.02,16.66,8.25,35.35
2389,1609,95.560,94538,4.92,15.90,7.75,34.45
2390,1610,95.600,93011,4.84,15.47,6.85,33.75
2391,1611,95.640,88933,4.63,15.26,6.35,34.15
2392,1612,95.680,88791,4.62,15.26,6.35,34.15
2393,1613,95.720,87906,4.58,15.52,6.35,33.45
2394,1614,95.760,75113,3.91,15.74,6.35,33.45
2395,1615,95.800,83306,4.34,15.63,6.85,33.15
2396,1616,95.840,87626,4.56,15.48,6.85,32.75
2397,1617,95.880,90475,4.71,15.21,8.25,32.25
2398,1618,95.920,94309,4.91,14.96,7.75,32.75
2399,1619,95.960,88571,4.61,15.29,8.25,32.25
2400,1620,96.000,88791,4.62,15.25,8.25,32.25
2401,1621,96.040,85359,4.45,15.48,7.75,32.25
2402,1622,96.080,87059,4.53,15.39,7.75,32.75
2403,1623,96.120,89073,4.64,15.21,8.25,31.85
2404,1624,96.160,93372,4.86,15.05,8.25,31.85
2405,1625,96.200,96223,5.01,14.95,8.25,32.25
2406,1626,96.240,77765,4.05,15.59,8.25,31.85
2407,1627,96.280,100072,5.21,14.78,8.25,31.85
2408,1628,96.320,80890,4.21,15.50,8.25,31.85
2409,1629,96.360,82968,4.32,15.64,8.25,31.85
2410,1630,96.400,89438,4.66,15.46,7.75,31.55
2411,1631,96.440,87736,4.57,15.57,8.25,31.55
2412,1632,96.480,81768,4.26,15.96,8.25,31.85
2413,1633,96.520,79953,4.16,16.06,8.25,32.25
2414,1634,96.560,80073,4.17,16.18,8.25,31.85
2415,1635,96.600,82457,4.29,16.09,8.25,32.25
2416,1636,96.640,84366,4.39,15.98,8.25,31.55
2417,1637,96.680,85843,4.47,16.00,8.25,31.85
2418,1638,96.720,89246,4.65,16.13,8.25,31.85
2419,1639,96.760,88862,4.63,16.24,8.25,32.25
2420,1640,96.800,89133,4.64,16.31,8.25,32.25
2421,1641,96.840,87883,4.58,16.41,8.25,32.25
2422,1642,96.880,77970,4.06,16.64,8.25,32.25
2423,1643,96.920,81637,4.25,16.43,8.25,32.25
2424,1644,96.960,80022,4.17,16.46,8.25,31.85
2425,1645,97.000,81970,4.27,16.23,7.75,31.85
2426,1646,97.040,82266,4.28,16.27,7.75,31.85
2427,1647,97.080,83656,4.36,16.28,7.75,31.85
2428,1648,97.120,83346,4.34,16.34,8.25,31.85
2429,1649,97.160,83385,4.34,16.06,7.75,31.55
2430,1650,97.200,83627,4.36,15.92,7.75,31.55
2431,1651,97.240,84216,4.39,15.92,7.75,31.55
2432,1652,97.280,83269,4.34,16.13,7.75,31.55
2433,1653,97.320,81120,4.23,16.12,7.25,31.55
2434,1654,97.360,81445,4.24,15.96,7.75,31.55
2435,1655,97.400,80529,4.19,16.15,7.75,31.55
2436,1656,97.440,79730,4.15,16.11,7.75,31.55
2437,1657,97.480,80664,4.20,16.20,7.75,33.45
2438,1658,97.520,83240,4.34,16.16,8.25,35.35
2439,1659,97.560,85137,4.43,16.20,7.75,33.45
2440,1660,97.600,84397,4.40,16.12,7.75,32.75
2441,1661,97.640,81644,4.25,16.18,7.75,32.75
2442,1662,97.680,85980,4.48,15.82,7.75,33.15
2443,1663,97.720,87778,4.57,15.35,7.75,31.85
2444,1664,97.760,82998,4.32,15.63,7.75,31.85
2445,1665,97.800,69419,3.62,16.46,7.75,32.75
2446,1666,97.840,68128,3.55,16.61,7.75,32.75
2447,1667,97.880,80533,4.19,16.10,8.25,32.75
2448,1668,97.920,81336,4.24,16.21,7.75,32.75
2449,1669,97.960,71646,3.73,16.81,8.25,33.15
2450,1670,98.000,70822,3.69,16.89,7.25,32.75
2451,1671,98.040,79196,4.12,16.33,7.75,33.15
2452,1672,98.080,82336,4.29,16.15,7.75,32.75
2453,1673,98.120,84040,4.38,16.10,7.75,32.75
2454,1674,98.160,82592,4.30,16.08,7.75,33.15
2455,1675,98.200,86193,4.49,15.96,7.75,32.75
2456,1676,98.240,87862,4.58,15.75,7.25,33.15
2457,1677,98.280,74330,3.87,16.42,7.75,32.75
2458,1678,98.320,74632,3.89,16.57,7.75,33.15
2459,1679,98.360,71480,3.72,17.05,7.75,33.15
2460,1680,98.400,69001,3.59,17.56,8.25,33.15
2461,1681,98.440,70587,3.68,17.92,8.25,33.75
2462,1682,98.480,78348,4.08,17.80,7.75,35.65
2463,1683,98.520,80190,4.18,17.93,8.25,35.35
2464,1684,98.560,76275,3.97,18.19,8.25,35.65
2465,1685,98.600,76186,3.97,18.48,9.55,35.35
2466,1686,98.640,79045,4.12,18.22,9.55,35.35
2467,1687,98.680,83406,4.34,17.87,9.55,35.65
2468,1688,98.720,82630,4.30,17.83,9.55,34.85
2469,1689,98.760,76718,4.00,18.36,9.15,35.65
2470,1690,98.800,79049,4.12,18.15,8.65,35.35
2471,1691,98.840,81849,4.26,17.85,9.15,35.65
2472,1692,98.880,81829,4.26,17.70,9.15,35.95
2473,1693,98.920,83330,4.34,17.51,9.15,35.35
2474,1694,98.960,66681,3.47,18.60,8.25,35.95
2475,1695,99.000,77917,4.06,17.75,8.25,34.85
2476,1696,99.040,66824,3.48,18.49,8.25,34.45
2477,1697,99.080,68838,3.59,18.13,8.25,33.75
2478,1698,99.120,76995,4.01,17.47,7.75,34.15
2479,1699,99.160,80587,4.20,17.28,8.25,34.15
2480,1700,99.200,80562,4.20,16.87,8.25,33.45
2481,1701,99.240,81548,4.25,16.90,8.25,33.45
2482,1702,99.280,80298,4.18,16.77,7.75,33.45
2483,1703,99.320,73229,3.81,16.99,7.75,33.45
2484,1704,99.360,77547,4.04,16.49,7.75,33.45
2485,1705,99.400,77535,4.04,16.39,7.75,33.45
2486,1706,99.440,76415,3.98,16.38,7.75,32.75
2487,1707,99.480,77893,4.06,16.22,8.25,32.75
2488,1708,99.520,77461,4.03,16.32,8.25,32.75
2489,1709,99.560,77031,4.01,16.57,7.75,32.75
2490,1710,99.600,73279,3.82,17.24,7.75,33.15
2491,1711,99.640,77677,4.05,17.50,8.25,34.45
2492,1712,99.680,82643,4.30,17.76,7.75,35.35
2493,1713,99.720,85454,4.45,18.40,7.75,35.65
2494,1714,99.760,86421,4.50,18.63,7.75,35.35
2495,1715,99.800,86201,4.49,19.38,7.75,34.85
2496,1716,99.840,86371,4.50,19.47,8.25,33.75
2497,1717,99.880,97877,5.10,18.83,7.75,31.55
2498,1718,99.920,104964,5.47,18.60,7.75,31.55
2499,1719,99.960,110057,5.73,18.19,8.25,31.55
2500,1720,100.000,113717,5.92,17.78,7.75,31.55
2501,1721,100.040,111483,5.81,17.73,7.75,31.55
2502,1722,100.080,107728,5.61,18.05,7.75,33.15
2503,1723,100.120,103463,5.39,18.16,7.75,155.95
2504,1724,100.160,87386,4.55,17.35,7.75,31.55
2505,1725,100.200,88660,4.62,17.12,7.75,31.55
2506,1726,100.240,110899,5.78,17.80,7.75,143.55
2507,1727,100.280,81865,4.26,18.40,8.25,33.75
2508,1728,100.320,72105,3.76,18.98,8.25,33.75
2509,1729,100.360,75285,3.92,18.93,9.15,34.85
2510,1730,100.400,79203,4.13,19.22,8.25,35.65
2511,1731,100.440,79305,4.13,19.79,8.65,35.35
2512,1732,100.480,79546,4.14,20.45,8.65,35.35
2513,1733,100.520,83353,4.34,21.31,9.55,35.35
2514,1734,100.560,64348,3.35,22.50,10.15,35.65
2515,1735,100.600,63349,3.30,22.80,10.55,35.35
2516,1736,100.640,67151,3.50,23.13,10.55,35.65
2517,1737,100.680,67956,3.54,23.83,10.55,35.65
2518,1738,100.720,72887,3.80,24.88,11.05,47.85
2519,1739,100.760,80273,4.18,29.94,11.45,215.15
2520,1740,100.800,82718,4.31,40.56,11.75,224.85
2521,1741,100.840,81436,4.24,57.47,12.35,229.95
2522,1742,100.880,81817,4.26,63.54,12.75,229.85
2523,1743,100.920,73885,3.85,65.46,13.25,236.85
2524,1744,100.960,71581,3.73,57.95,12.75,241.75
2525,1745,101.000,75900,3.95,62.79,12.35,244.45
2526,1746,101.040,75273,3.92,42.53,13.25,246.75
2527,1747,101.080,77323,4.03,26.61,14.25,129.95
2528,1748,101.120,74042,3.86,28.46,14.25,146.15
2529,1749,101.160,76315,3.97,33.97,14.25,215.35
2530,1750,101.200,73648,3.84,36.76,14.55,238.75
2531,1751,101.240,68713,3.58,37.00,14.25,227.05
2532,1752,101.280,58412,3.04,36.78,15.45,210.45
2533,1753,101.320,51064,2.66,39.24,16.75,199.55
2534,1754,101.360,47850,2.49,45.65,24.25,195.75
2535,1755,101.400,46274,2.41,64.63,30.35,237.55
2536,1756,101.440,45882,2.39,85.49,30.35,236.85
2537,1757,101.480,42365,2.21,115.89,33.45,232.05
2538,1758,101.520,42252,2.20,148.49,49.25,234.95
2539,1759,101.560,46449,2.42,161.55,52.05,240.55
2540,1760,101.600,50021,2.61,175.25,38.05,273.95
2541,1761,101.640,46171,2.40,192.46,42.65,278.75
2542,1762,101.680,38052,1.98,201.64,50.75,276.95
2543,1763,101.720,36087,1.88,196.74,31.25,276.85
2544,1764,101.760,41482,2.16,202.42,44.95,273.85
2545,1765,101.800,46595,2.43,189.90,44.65,270.45
2546,1766,101.840,45901,2.39,184.41,20.95,261.65
2547,1767,101.880,72143,3.76,83.32,18.85,236.85
2548,1768,101.920,68492,3.57,79.56,20.15,237.05
2549,1769,101.960,61663,3.21,64.39,20.15,229.15
2550,1770,102.000,61292,3.19,73.07,20.15,231.15
2551,1771,102.040,64525,3.36,81.15,20.15,232.05
2552,1772,102.080,66345,3.46,83.95,20.15,231.15
2553,1773,102.120,65486,3.41,84.60,19.65,230.25
2554,1774,102.160,72133,3.76,92.52,20.55,230.25
2555,1775,102.200,78765,4.10,94.75,20.55,229.15
2556,1776,102.240,118856,6.19,79.32,20.15,228.85
2557,1777,102.280,126815,6.60,78.83,19.35,229.65
2558,1778,102.320,136184,7.09,80.22,19.35,230.35
2559,1779,102.360,71216,3.71,99.31,19.35,226.05
2560,1780,102.400,77092,4.02,102.03,17.55,227.95
2561,1781,102.440,77003,4.01,102.12,17.55,228.45
2562,1782,102.480,67631,3.52,108.71,19.35,228.05
2563,1783,102.520,64574,3.36,117.18,21.75,230.45
2564,1784,102.560,56639,2.95,124.20,23.05,232.65
2565,1785,102.600,56249,2.93,109.61,23.05,233.45
2566,1786,102.640,79212,4.13,100.60,20.55,238.55
2567,1787,102.680,82346,4.29,93.11,22.65,239.75
2568,1788,102.720,73187,3.81,92.24,23.05,240.55
2569,1789,102.760,68220,3.55,89.78,23.05,241.15
2570,1790,102.800,55332,2.88,105.55,23.35,242.15
2571,1791,102.840,51847,2.70,115.71,23.75,242.55
2572,1792,102.880,49127,2.56,130.80,26.55,242.55
2573,1793,102.920,60342,3.14,124.27,28.15,242.65
2574,1794,102.960,64452,3.36,128.15,27.75,242.25
2575,1795,103.000,74829,3.90,130.01,27.35,242.05
2576,1796,103.040,64845,3.38,116.14,27.05,243.25
2577,1797,103.080,83163,4.33,115.16,24.65,245.85
2578,1798,103.120,90805,4.73,110.16,24.25,248.25
2579,1799,103.160,73821,3.84,113.08,22.65,250.45
2580,1800,103.200,73901,3.85,111.82,21.45,252.85
2581,1801,103.240,85282,4.44,106.44,20.15,255.25
2582,1802,103.280,103707,5.40,100.57,20.55,256.45
2583,1803,103.320,126329,6.58,103.62,20.55,257.45
2584,1804,103.360,70896,3.69,68.11,21.45,233.15
2585,1805,103.400,70648,3.68,59.00,21.75,217.05
2586,1806,103.440,48539,2.53,42.88,22.65,189.25
2587,1807,103.480,51590,2.69,48.81,23.05,189.25
2588,1808,103.520,0,0.00,nan,nan,nan
2589,1809,103.560,0,0.00,nan,nan,nan
2590,1810,103.600,35473,1.85,59.32,23.05,176.65
2591,1811,103.640,24070,1.25,69.70,25.05,176.95
2592,1812,103.680,20127,1.05,79.48,25.85,173.75
2593,1813,103.720,0,0.00,nan,nan,nan
2594,1814,103.760,0,0.00,nan,nan,nan
2595,1815,103.800,2485,0.13,35.91,27.35,52.65
2596,1816,103.840,2354,0.12,39.24,28.95,82.15
2597,1817,103.880,3053,0.16,51.26,31.55,107.95
2598,1818,103.920,11386,0.59,29.33,22.65,56.05
2599,1819,103.960,16192,0.84,30.07,23.05,62.25
2600,1820,104.000,29687,1.55,28.47,23.05,81.25
2601,1821,104.040,40848,2.13,31.85,23.35,121.95
2602,1822,104.080,44495,2.32,32.20,23.05,108.95
2603,1823,104.120,42034,2.19,33.37,22.65,98.85
2604,1824,104.160,57400,2.99,42.21,22.65,228.45
2605,1825,104.200,15258,0.79,29.86,22.65,50.15
2606,1826,104.240,0,0.00,nan,nan,nan
2607,1827,104.280,21341,1.11,34.56,23.05,73.85
2608,1828,104.320,8381,0.44,31.47,23.05,59.05
2609,1829,104.360,0,0.00,nan,nan,nan
2610,1830,104.400,0,0.00,nan,nan,nan
2611,1831,104.440,0,0.00,nan,nan,nan
2612,1832,104.480,0,0.00,nan,nan,nan
2613,1833,104.520,0,0.00,nan,nan,nan
2614,1834,104.560,0,0.00,nan,nan,nan
2615,1835,104.600,0,0.00,nan,nan,nan
2616,1836,104.640,0,0.00,nan,nan,nan
2617,1837,104.680,0,0.00,nan,nan,nan
2618,1838,104.720,0,0.00,nan,nan,nan
2619,1839,104.760,0,0.00,nan,nan,nan
2620,1840,104.800,0,0.00,nan,nan,nan
2621,1841,104.840,0,0.00,nan,nan,nan
2622,1842,104.880,0,0.00,nan,nan,nan
2623,1843,104.920,0,0.00,nan,nan,nan
2624,1844,104.960,0,0.00,nan,nan,nan
2625,1845,105.000,0,0.00,nan,nan,nan
2626,1846,105.040,10314,0.54,32.27,25.05,52.65
2627,1847,105.080,13644,0.71,31.31,24.25,57.75
2628,1848,105.120,26899,1.40,32.25,24.25,72.25
2629,1849,105.160,31538,1.64,31.07,23.75,48.55
2630,1850,105.200,35408,1.84,32.49,23.75,56.65
2631,1851,105.240,32409,1.69,34.96,23.75,69.25
2632,1852,105.280,30868,1.61,35.68,24.25,50.75
2633,1853,105.320,34879,1.82,39.83,24.25,95.55
2634,1854,105.360,75090,3.91,51.58,22.65,151.25
2635,1855,105.400,5460,0.28,27.11,23.75,28.95
2636,1856,105.440,20124,1.05,34.92,23.35,93.55
2637,1857,105.480,0,0.00,nan,nan,nan
2638,1858,105.520,0,0.00,nan,nan,nan
2639,1859,105.560,0,0.00,nan,nan,nan
2640,1860,105.600,6635,0.35,27.28,24.25,30.35
2641,1861,105.640,0,0.00,nan,nan,nan
2642,1862,105.680,0,0.00,nan,nan,nan
2643,1863,105.720,0,0.00,nan,nan,nan
2644,1864,105.760,0,0.00,nan,nan,nan
2645,1865,105.800,0,0.00,nan,nan,nan
2646,1866,105.840,0,0.00,nan,nan,nan
2647,1867,105.880,34881,1.82,115.48,39.05,231.45
2648,1868,105.920,0,0.00,nan,nan,nan
2649,1869,105.960,0,0.00,nan,nan,nan
2650,1870,106.000,43627,2.27,120.47,34.15,231.35
2651,1871,106.040,46976,2.45,101.26,23.75,234.75
2652,1872,106.080,50465,2.63,88.37,23.75,231.45
2653,1873,106.120,56272,2.93,75.84,24.25,234.15
2654,1874,106.160,62604,3.26,77.61,24.65,216.65
2655,1875,106.200,62860,3.27,72.87,24.25,208.95
2656,1876,106.240,55520,2.89,72.41,25.85,193.65
2657,1877,106.280,52550,2.74,74.85,31.85,215.45
2658,1878,106.320,50155,2.61,81.71,30.35,215.95
2659,1879,106.360,50298,2.62,109.03,31.25,221.25
2660,1880,106.400,49692,2.59,111.21,30.35,219.75
2661,1881,106.440,47458,2.47,114.71,29.65,220.45
2662,1882,106.480,60010,3.13,125.95,28.95,226.45
2663,1883,106.520,94989,4.95,114.22,28.95,227.45
2664,1884,106.560,52530,2.74,57.92,30.05,210.45
2665,1885,106.600,39528,2.06,71.65,30.35,219.65
2666,1886,106.640,59228,3.08,55.99,29.25,208.25
2667,1887,106.680,56548,2.95,54.72,29.65,173.85
2668,1888,106.720,35765,1.86,46.18,29.65,106.35
2669,1889,106.760,37240,1.94,46.81,29.25,125.85
2670,1890,106.800,36904,1.92,48.42,30.35,126.95
2671,1891,106.840,39733,2.07,51.86,30.05,125.85
2672,1892,106.880,41093,2.14,53.79,29.65,127.95
2673,1893,106.920,20408,1.06,39.26,29.25,54.25
2674,1894,106.960,23625,1.23,39.59,28.55,56.35
2675,1895,107.000,23599,1.23,39.43,27.05,56.05
2676,1896,107.040,29474,1.54,43.54,27.05,153.35
2677,1897,107.080,29620,1.54,41.81,26.55,100.25
2678,1898,107.120,30138,1.57,40.96,26.25,95.55
2679,1899,107.160,26150,1.36,39.33,25.35,103.85
2680,1900,107.200,20084,1.05,35.63,24.25,94.45
2681,1901,107.240,21664,1.13,32.78,24.25,54.75
2682,1902,107.280,32753,1.71,28.34,17.55,44.25
2683,1903,107.320,33928,1.77,27.23,16.75,41.65
2684,1904,107.360,40095,2.09,24.96,16.75,37.75
2685,1905,107.400,56064,2.92,22.94,15.95,34.45
2686,1906,107.440,33546,1.75,22.76,15.45,33.45
2687,1907,107.480,32599,1.70,21.07,15.45,28.95
2688,1908,107.520,35560,1.85,20.58,14.95,27.75
2689,1909,107.560,36975,1.93,19.85,14.95,27.05
2690,1910,107.600,57822,3.01,19.08,14.95,26.55
2691,1911,107.640,34182,1.78,19.01,14.95,25.85
2692,1912,107.680,32198,1.68,18.86,14.25,25.05
2693,1913,107.720,33674,1.75,18.54,14.25,23.75
2694,1914,107.760,32702,1.70,18.47,13.65,23.75
2695,1915,107.800,34643,1.80,18.28,14.25,23.35
2696,1916,107.840,33692,1.75,17.87,13.25,23.05
2697,1917,107.880,36356,1.89,17.79,13.25,22.65
2698,1918,107.920,34831,1.81,17.80,12.75,29.65
2699,1919,107.960,62655,3.26,17.60,11.75,33.15
2700,1920,108.000,69417,3.62,18.66,11.05,34.15
2701,1921,108.040,38527,2.01,17.41,10.55,29.65
2702,1922,108.080,33908,1.77,16.44,10.15,28.95
2703,1923,108.120,36567,1.90,16.23,9.55,31.25
2704,1924,108.160,31972,1.67,15.54,8.65,21.45
2705,1925,108.200,32181,1.68,16.10,8.25,31.25
2706,1926,108.240,31149,1.62,16.71,8.25,31.55
2707,1927,108.280,33791,1.76,17.03,8.25,31.55
2708,1928,108.320,37665,1.96,17.41,7.75,31.85
2709,1929,108.360,37359,1.95,17.80,7.25,32.25
2710,1930,108.400,39060,2.03,17.82,7.75,32.75
2711,1931,108.440,43445,2.26,17.47,6.85,32.75
2712,1932,108.480,44582,2.32,16.68,6.85,31.55
2713,1933,108.520,45026,2.35,16.36,6.35,31.25
2714,1934,108.560,57347,2.99,16.31,6.35,32.25
2715,1935,108.600,46599,2.43,16.67,6.85,32.25
2716,1936,108.640,50110,2.61,16.92,6.85,32.75
2717,1937,108.680,50737,2.64,16.91,6.85,32.75
2718,1938,108.720,45357,2.36,17.02,7.75,32.75
2719,1939,108.760,41894,2.18,17.55,7.75,32.25
2720,1940,108.800,35741,1.86,19.33,9.55,32.75
2721,1941,108.840,39325,2.05,19.10,7.75,32.75
2722,1942,108.880,39158,2.04,19.21,7.75,32.25
2723,1943,108.920,39566,2.06,19.87,7.75,32.75
2724,1944,108.960,34437,1.79,20.90,8.25,32.75
2725,1945,109.000,33791,1.76,21.39,11.05,32.75
2726,1946,109.040,38329,2.00,20.62,7.75,32.75
2727,1947,109.080,33188,1.73,21.25,7.75,32.75
2728,1948,109.120,35860,1.87,21.00,7.75,32.25
2729,1949,109.160,35604,1.85,20.64,8.25,32.75
2730,1950,109.200,40089,2.09,20.24,9.55,32.25
2731,1951,109.240,39450,2.05,20.14,9.55,31.85
2732,1952,109.280,39910,2.08,20.02,9.55,31.85
2733,1953,109.320,41109,2.14,19.73,9.15,32.25
2734,1954,109.360,37321,1.94,20.08,9.55,32.75
2735,1955,109.400,40899,2.13,19.49,9.15,32.25
2736,1956,109.440,40342,2.10,19.29,9.15,32.75
2737,1957,109.480,36110,1.88,18.82,8.25,32.25
2738,1958,109.520,36310,1.89,18.30,8.25,32.75
2739,1959,109.560,35286,1.84,17.73,7.75,32.25
2740,1960,109.600,35069,1.83,17.58,8.25,32.25
2741,1961,109.640,35261,1.84,17.77,8.25,32.75
2742,1962,109.680,35313,1.84,17.71,8.25,32.25
2743,1963,109.720,34909,1.82,18.11,8.25,32.25
2744,1964,109.760,35255,1.84,18.48,8.65,32.25
2745,1965,109.800,36588,1.91,18.38,8.65,32.25
2746,1966,109.840,38942,2.03,18.34,8.25,32.25
2747,1967,109.880,40104,2.09,18.17,8.65,32.25
2748,1968,109.920,39162,2.04,18.07,8.25,32.25
2749,1969,109.960,38335,2.00,17.85,9.15,32.25
2750,1970,110.000,36434,1.90,17.40,8.65,32.25
2751,1971,110.040,36086,1.88,17.48,8.25,32.75
2752,1972,110.080,36387,1.90,17.61,8.65,32.25
2753,1973,110.120,38465,2.00,17.43,7.75,32.25
2754,1974,110.160,51673,2.69,17.49,7.75,32.25
2755,1975,110.200,39803,2.07,16.60,7.75,32.25
2756,1976,110.240,40376,2.10,16.41,7.75,31.85
2757,1977,110.280,40420,2.11,16.27,7.75,31.85
2758,1978,110.320,39230,2.04,16.09,7.75,32.25
2759,1979,110.360,39162,2.04,16.42,7.25,32.25
2760,1980,110.400,41399,2.16,16.64,7.75,31.85
2761,1981,110.440,41528,2.16,16.21,7.75,31.55
2762,1982,110.480,41774,2.18,16.03,7.75,31.25
2763,1983,110.520,61151,3.18,16.72,7.75,31.85
2764,1984,110.560,62316,3.25,16.71,7.75,31.85
2765,1985,110.600,62089,3.23,16.76,7.75,31.85
2766,1986,110.640,62461,3.25,16.73,7.75,31.85
2767,1987,110.680,62697,3.27,16.64,7.75,31.55
2768,1988,110.720,62922,3.28,16.60,7.75,31.85
2769,1989,110.760,62858,3.27,16.56,7.75,31.85
2770,1990,110.800,62126,3.24,16.84,7.75,31.85
2771,1991,110.840,42713,2.22,17.60,7.75,32.25
2772,1992,110.880,41614,2.17,17.39,7.75,32.25
2773,1993,110.920,41782,2.18,17.24,7.75,31.85
2774,1994,110.960,53856,2.80,17.50,7.75,31.85
2775,1995,111.000,60382,3.14,16.92,7.75,32.25
2776,1996,111.040,41722,2.17,17.58,8.65,31.85
2777,1997,111.080,40339,2.10,16.94,8.65,31.85
2778,1998,111.120,41122,2.14,16.56,7.75,31.55
2779,1999,111.160,42701,2.22,16.54,6.85,32.25
2780,2000,111.200,42673,2.22,16.58,7.75,32.25
2781,2001,111.240,45795,2.39,15.88,6.85,32.25
2782,2002,111.280,40384,2.10,15.58,6.35,32.25
2783,2003,111.320,39234,2.04,15.62,6.35,31.55
2784,2004,111.360,38958,2.03,15.54,6.35,31.25
2785,2005,111.400,39119,2.04,15.77,6.35,31.85
2786,2006,111.440,41595,2.17,15.50,6.35,31.85
2787,2007,111.480,41120,2.14,15.67,6.35,32.25
2788,2008,111.520,42117,2.19,15.48,6.35,31.25
2789,2009,111.560,40945,2.13,15.59,6.35,31.55
2790,2010,111.600,40778,2.12,15.65,6.35,32.75
2791,2011,111.640,41412,2.16,15.93,6.35,31.85
2792,2012,111.680,47664,2.48,16.25,6.35,32.25
2793,2013,111.720,47519,2.47,16.40,6.85,32.25
2794,2014,111.760,48329,2.52,16.35,6.35,32.25
2795,2015,111.800,40204,2.09,16.51,6.35,31.85
2796,2016,111.840,40277,2.10,15.41,6.35,31.25
2797,2017,111.880,43947,2.29,14.19,5.85,29.25
2798,2018,111.920,45221,2.36,13.60,6.35,28.95
2799,2019,111.960,42391,2.21,13.50,5.85,28.15
2800,2020,112.000,39055,2.03,14.11,6.85,30.05
2801,2021,112.040,38737,2.02,15.04,6.35,31.25
2802,2022,112.080,24011,1.25,16.54,8.65,30.35
2803,2023,112.120,25564,1.33,17.45,8.65,31.55
2804,2024,112.160,26907,1.40,17.92,8.65,31.55
2805,2025,112.200,28465,1.48,18.16,8.25,32.25
2806,2026,112.240,29487,1.54,18.46,8.65,32.25
2807,2027,112.280,29453,1.53,18.89,8.25,32.25
2808,2028,112.320,33260,1.73,18.96,8.25,32.25
2809,2029,112.360,35842,1.87,18.84,8.25,32.25
2810,2030,112.400,34417,1.79,19.03,8.65,32.25
2811,2031,112.440,42436,2.21,18.47,8.25,31.85
2812,2032,112.480,44163,2.30,18.16,8.65,31.85
2813,2033,112.520,45267,2.36,18.09,8.65,31.85
2814,2034,112.560,40085,2.09,18.49,8.65,31.85
2815,2035,112.600,50765,2.64,18.19,8.65,31.85
2816,2036,112.640,53229,2.77,18.01,8.25,31.55
2817,2037,112.680,57753,3.01,17.79,7.75,31.85
2818,2038,112.720,64389,3.35,17.63,8.25,31.85
2819,2039,112.760,43873,2.29,18.24,8.65,32.25
2820,2040,112.800,42403,2.21,18.40,10.15,32.75
2821,2041,112.840,43198,2.25,18.84,10.55,34.85
2822,2042,112.880,45045,2.35,18.93,7.75,34.85
2823,2043,112.920,45059,2.35,19.05,10.15,34.85
2824,2044,112.960,42787,2.23,19.80,9.55,34.45
2825,2045,113.000,42403,2.21,20.19,7.75,34.45
2826,2046,113.040,36487,1.90,19.79,10.15,34.15
2827,2047,113.080,36987,1.93,19.90,10.55,29.25
2828,2048,113.120,44016,2.29,20.17,7.75,31.55
2829,2049,113.160,100729,5.25,18.25,7.75,31.85
2830,2050,113.200,86214,4.49,19.13,7.75,32.25
2831,2051,113.240,75841,3.95,20.62,7.75,34.85
2832,2052,113.280,57605,3.00,27.32,7.75,165.95
2833,2053,113.320,58212,3.03,34.57,9.55,174.45
2834,2054,113.360,60705,3.16,41.12,11.05,179.95
2835,2055,113.400,62765,3.27,33.86,11.05,170.55
2836,2056,113.440,52950,2.76,21.99,10.55,171.65
2837,2057,113.480,53670,2.80,21.51,10.55,34.45
2838,2058,113.520,56872,2.96,21.92,10.55,34.85
2839,2059,113.560,57275,2.98,22.00,10.55,34.85
2840,2060,113.600,58489,3.05,22.47,10.55,34.85
2841,2061,113.640,66972,3.49,23.55,10.55,34.45
2842,2062,113.680,72659,3.78,24.41,11.05,35.65
2843,2063,113.720,76529,3.99,25.03,11.75,37.75
2844,2064,113.760,69298,3.61,26.31,12.35,50.45
2845,2065,113.800,72088,3.75,29.09,12.35,168.65
2846,2066,113.840,76040,3.96,35.65,12.75,192.55
2847,2067,113.880,67588,3.52,44.86,13.65,192.25
2848,2068,113.920,63006,3.28,56.99,14.25,195.15
2849,2069,113.960,62293,3.24,71.87,14.25,197.05
2850,2070,114.000,57934,3.02,87.21,14.25,198.95
2851,2071,114.040,63168,3.29,91.76,14.55,203.35
2852,2072,114.080,61525,3.20,95.10,14.95,215.25
2853,2073,114.120,52560,2.74,97.96,15.45,217.75
2854,2074,114.160,61130,3.18,89.00,15.45,219.35
2855,2075,114.200,66191,3.45,83.74,15.45,217.85
2856,2076,114.240,75068,3.91,76.62,16.35,216.55
2857,2077,114.280,74827,3.90,77.91,16.75,216.25
2858,2078,114.320,71808,3.74,80.77,17.25,217.75
2859,2079,114.360,75705,3.94,82.15,16.75,219.15
2860,2080,114.400,63368,3.30,82.96,17.25,220.15
2861,2081,114.440,62271,3.24,81.67,16.75,220.45
2862,2082,114.480,47154,2.46,78.84,17.55,221.65
2863,2083,114.520,47790,2.49,78.64,19.35,225.65
2864,2084,114.560,57337,2.99,85.86,19.35,227.75
2865,2085,114.600,36796,1.92,85.01,30.05,229.15
2866,2086,114.640,30572,1.59,84.32,30.05,228.25
2867,2087,114.680,28005,1.46,94.52,34.45,198.75
2868,2088,114.720,40803,2.13,98.51,28.95,201.15
2869,2089,114.760,39319,2.05,102.30,28.95,203.25
2870,2090,114.800,31351,1.63,104.34,31.85,193.05
2871,2091,114.840,25780,1.34,115.21,40.15,189.25
2872,2092,114.880,23917,1.25,112.78,42.25,185.45
2873,2093,114.920,21442,1.12,115.50,32.75,184.05
2874,2094,114.960,0,0.00,nan,nan,nan
2875,2095,115.000,0,0.00,nan,nan,nan
2876,2096,115.040,0,0.00,nan,nan,nan
2877,2097,115.080,0,0.00,nan,nan,nan
2878,2098,115.120,0,0.00,nan,nan,nan
2879,2099,115.160,0,0.00,nan,nan,nan
2880,2100,115.200,0,0.00,nan,nan,nan
2881,2101,115.240,0,0.00,nan,nan,nan
2882,2102,115.280,0,0.00,nan,nan,nan
2883,2103,115.320,0,0.00,nan,nan,nan
2884,2104,115.360,0,0.00,nan,nan,nan
2885,2105,115.400,0,0.00,nan,nan,nan
2886,2106,115.440,0,0.00,nan,nan,nan
2887,2107,115.480,0,0.00,nan,nan,nan
2888,2108,115.520,0,0.00,nan,nan,nan
2889,2109,115.560,0,0.00,nan,nan,nan
2890,2110,115.600,0,0.00,nan,nan,nan
2891,2111,115.640,0,0.00,nan,nan,nan
2892,2112,115.680,0,0.00,nan,nan,nan
2893,2113,115.720,0,0.00,nan,nan,nan
2894,2114,115.760,0,0.00,nan,nan,nan
2895,2115,115.800,0,0.00,nan,nan,nan
2896,2116,115.840,0,0.00,nan,nan,nan
2897,2117,115.880,0,0.00,nan,nan,nan
2898,2118,115.920,0,0.00,nan,nan,nan
2899,2119,115.960,0,0.00,nan,nan,nan
2900,2120,116.000,0,0.00,nan,nan,nan
2901,2121,116.040,0,0.00,nan,nan,nan
2902,2122,116.080,0,0.00,nan,nan,nan
2903,2123,116.120,0,0.00,nan,nan,nan
2904,2124,116.160,0,0.00,nan,nan,nan
2905,2125,116.200,0,0.00,nan,nan,nan
2906,2126,116.240,0,0.00,nan,nan,nan
2907,2127,116.280,0,0.00,nan,nan,nan
2908,2128,116.320,0,0.00,nan,nan,nan
2909,2129,116.360,0,0.00,nan,nan,nan
2910,2130,116.400,0,0.00,nan,nan,nan
2911,2131,116.440,0,0.00,nan,nan,nan
2912,2132,116.480,0,0.00,nan,nan,nan
2913,2133,116.520,0,0.00,nan,nan,nan
2914,2134,116.560,0,0.00,nan,nan,nan
2915,2135,116.600,0,0.00,nan,nan,nan
2916,2136,116.640,0,0.00,nan,nan,nan
2917,2137,116.680,0,0.00,nan,nan,nan
2918,2138,116.720,0,0.00,nan,nan,nan
2919,2139,116.760,0,0.00,nan,nan,nan
2920,2140,116.800,0,0.00,nan,nan,nan
2921,2141,116.840,0,0.00,nan,nan,nan
2922,2142,116.880,0,0.00,nan,nan,nan
2923,2143,116.920,0,0.00,nan,nan,nan
2924,2144,116.960,0,0.00,nan,nan,nan
2925,2145,117.000,0,0.00,nan,nan,nan
2926,2146,117.040,0,0.00,nan,nan,nan
2927,2147,117.080,0,0.00,nan,nan,nan
2928,2148,117.120,0,0.00,nan,nan,nan
2929,2149,117.160,0,0.00,nan,nan,nan
2930,2150,117.200,0,0.00,nan,nan,nan
2931,2151,117.240,0,0.00,nan,nan,nan
2932,2152,117.280,0,0.00,nan,nan,nan
2933,2153,117.320,0,0.00,nan,nan,nan
2934,2154,117.360,0,0.00,nan,nan,nan
2935,2155,117.400,0,0.00,nan,nan,nan
2936,2156,117.440,0,0.00,nan,nan,nan
2937,2157,117.480,0,0.00,nan,nan,nan
2938,2158,117.520,0,0.00,nan,nan,nan
2939,2159,117.560,0,0.00,nan,nan,nan
2940,2160,117.600,0,0.00,nan,nan,nan
2941,2161,117.640,0,0.00,nan,nan,nan
2942,2162,117.680,0,0.00,nan,nan,nan
2943,2163,117.720,0,0.00,nan,nan,nan
2944,2164,117.760,0,0.00,nan,nan,nan
2945,2165,117.800,0,0.00,nan,nan,nan
2946,2166,117.840,0,0.00,nan,nan,nan
2947,2167,117.880,0,0.00,nan,nan,nan
2948,2168,117.920,0,0.00,nan,nan,nan
2949,2169,117.960,0,0.00,nan,nan,nan
2950,2170,118.000,0,0.00,nan,nan,nan
2951,2171,118.040,0,0.00,nan,nan,nan
2952,2172,118.080,0,0.00,nan,nan,nan
2953,2173,118.120,0,0.00,nan,nan,nan
2954,2174,118.160,0,0.00,nan,nan,nan
2955,2175,118.200,0,0.00,nan,nan,nan
2956,2176,118.240,0,0.00,nan,nan,nan
2957,2177,118.280,0,0.00,nan,nan,nan
2958,2178,118.320,0,0.00,nan,nan,nan
2959,2179,118.360,0,0.00,nan,nan,nan
2960,2180,118.400,0,0.00,nan,nan,nan
2961,2181,118.440,0,0.00,nan,nan,nan
2962,2182,118.480,0,0.00,nan,nan,nan
2963,2183,118.520,0,0.00,nan,nan,nan
2964,2184,118.560,0,0.00,nan,nan,nan
2965,2185,118.600,0,0.00,nan,nan,nan
2966,2186,118.640,0,0.00,nan,nan,nan
2967,2187,118.680,0,0.00,nan,nan,nan
2968,2188,118.720,0,0.00,nan,nan,nan
2969,2189,118.760,0,0.00,nan,nan,nan
2970,2190,118.800,0,0.00,nan,nan,nan
2971,2191,118.840,0,0.00,nan,nan,nan
2972,2192,118.880,0,0.00,nan,nan,nan
2973,2193,118.920,0,0.00,nan,nan,nan
2974,2194,118.960,0,0.00,nan,nan,nan
2975,2195,119.000,0,0.00,nan,nan,nan
2976,2196,119.040,0,0.00,nan,nan,nan
2977,2197,119.080,0,0.00,nan,nan,nan
2978,2198,119.120,0,0.00,nan,nan,nan
2979,2199,119.160,0,0.00,nan,nan,nan
2980,2200,119.200,211341,11.01,14.62,5.25,34.15
2981,2201,119.240,307116,16.00,14.31,5.25,34.45
2982,2202,119.280,295588,15.40,14.08,5.25,34.45
2983,2203,119.320,209908,10.93,13.95,5.25,34.15
2984,2204,119.360,229120,11.93,13.65,5.25,34.45
2985,2205,119.400,228935,11.92,13.26,5.25,34.15
2986,2206,119.440,225708,11.76,13.32,5.25,33.45
2987,2207,119.480,224396,11.69,13.28,5.25,34.15
2988,2208,119.520,203903,10.62,12.79,5.25,32.25
2989,2209,119.560,200149,10.42,13.08,5.25,34.45
2990,2210,119.600,196662,10.24,13.05,5.25,34.15
2991,2211,119.640,193644,10.09,12.95,5.25,33.45
2992,2212,119.680,183571,9.56,12.77,5.25,32.75
2993,2213,119.720,187971,9.79,12.74,5.25,33.15
2994,2214,119.760,175477,9.14,12.53,5.85,33.15
2995,2215,119.800,188850,9.84,12.52,5.85,34.15
2996,2216,119.840,207134,10.79,13.06,6.35,33.45
2997,2217,119.880,80714,4.20,11.47,5.85,32.75
2998,2218,119.920,217502,11.33,13.49,6.35,34.45
2999,2219,119.960,220580,11.49,13.33,6.35,34.45
3000,2220,120.000,200167,10.43,12.64,5.25,32.25
3001,2221,120.040,156195,8.14,11.61,5.25,32.25
3002,2222,120.080,152893,7.96,11.63,5.25,31.85
3003,2223,120.120,135117,7.04,11.45,5.85,30.75
3004,2224,120.160,138107,7.19,11.45,5.25,30.75
3005,2225,120.200,123189,6.42,11.47,6.35,32.25
3006,2226,120.240,134570,7.01,11.38,6.35,28.95
3007,2227,120.280,121952,6.35,11.30,6.35,28.95
3008,2228,120.320,114595,5.97,11.06,6.35,23.35
3009,2229,120.360,108013,5.63,10.88,6.35,22.65
3010,2230,120.400,100104,5.21,10.68,6.35,20.15
3011,2231,120.440,96864,5.04,10.58,6.35,19.35
3012,2232,120.480,93191,4.85,10.60,6.35,18.85
3013,2233,120.520,81794,4.26,10.29,6.35,17.25
3014,2234,120.560,74141,3.86,10.22,6.35,17.25
3015,2235,120.600,67417,3.51,10.18,6.35,17.55
3016,2236,120.640,60468,3.15,10.21,5.85,17.55
3017,2237,120.680,53924,2.81,10.10,5.85,17.25
3018,2238,120.720,47958,2.50,10.13,6.35,17.55
3019,2239,120.760,41689,2.17,9.96,6.35,15.45
3020,2240,120.800,36650,1.91,10.11,6.35,15.45
3021,2241,120.840,32221,1.68,10.11,5.85,14.95
3022,2242,120.880,29423,1.53,10.05,5.85,14.55
3023,2243,120.920,27735,1.44,9.87,5.85,14.95
3024,2244,120.960,23574,1.23,9.79,5.25,14.25
3025,2245,121.000,22402,1.17,9.87,5.85,14.25
3026,2246,121.040,28542,1.49,10.52,5.85,17.25
3027,2247,121.080,18459,0.96,9.48,5.85,14.25
3028,2248,121.120,22341,1.16,9.84,5.85,14.55
3029,2249,121.160,25373,1.32,10.19,6.35,17.25
3030,2250,121.200,24658,1.28,9.94,5.85,14.95
3031,2251,121.240,24384,1.27,10.05,6.35,14.95
3032,2252,121.280,23860,1.24,10.15,6.35,15.45
3033,2253,121.320,20321,1.06,10.19,6.35,15.95
3034,2254,121.360,16286,0.85,10.29,6.35,15.95
3035,2255,121.400,12999,0.68,10.20,6.35,14.95
3036,2256,121.440,11073,0.58,10.16,6.35,14.95
3037,2257,121.480,6158,0.32,10.36,6.85,14.95
3038,2258,121.520,3401,0.18,10.60,6.85,14.55
3039,2259,121.560,2255,0.12,10.61,7.25,14.55
3040,2260,121.600,1360,0.07,11.04,8.25,14.25
3041,2261,121.640,1081,0.06,10.43,8.25,13.65
3042,2262,121.680,700,0.04,9.52,7.75,12.35
3043,2263,121.720,3163,0.16,8.98,7.25,12.35
3044,2264,121.760,665,0.03,8.53,7.75,9.55
3045,2265,121.800,788,0.04,8.70,7.75,9.55
3046,2266,121.840,893,0.05,8.88,7.25,10.55
3047,2267,121.880,912,0.05,8.81,7.25,10.55
3048,2268,121.920,1010,0.05,8.69,7.25,10.55
3049,2269,121.960,992,0.05,8.73,7.25,10.55
3050,2270,122.000,945,0.05,8.94,7.25,10.55
3051,2271,122.040,958,0.05,8.72,7.75,10.55
3052,2272,122.080,892,0.05,8.73,7.25,10.55
3053,2273,122.120,993,0.05,8.64,7.25,10.55
3054,2274,122.160,1039,0.05,8.60,7.25,10.55
3055,2275,122.200,1008,0.05,8.59,7.25,10.55
3056,2276,122.240,1117,0.06,8.65,7.25,10.55
3057,2277,122.280,1101,0.06,8.58,7.25,10.55
3058,2278,122.320,1044,0.05,8.52,7.25,10.55
3059,2279,122.360,906,0.05,8.26,7.25,10.55
3060,2280,122.400,803,0.04,8.20,7.25,10.55
3061,2281,122.440,738,0.04,8.39,7.25,10.55
3062,2282,122.480,1339,0.07,8.12,7.25,9.55
3063,2283,122.520,712,0.04,7.83,7.25,8.65
3064,2284,122.560,909,0.05,7.92,7.25,9.15
3065,2285,122.600,846,0.04,7.86,7.25,9.55
3066,2286,122.640,863,0.04,7.98,7.25,9.55
3067,2287,122.680,806,0.04,7.82,7.25,9.15
3068,2288,122.720,836,0.04,8.11,7.25,9.15
3069,2289,122.760,0,0.00,nan,nan,nan
3070,2290,122.800,0,0.00,nan,nan,nan
3071,2291,122.840,0,0.00,nan,nan,nan
3072,2292,122.880,0,0.00,nan,nan,nan
3073,2293,122.920,0,0.00,nan,nan,nan
3074,2294,122.960,0,0.00,nan,nan,nan
3075,2295,123.000,0,0.00,nan,nan,nan
3076,2296,123.040,0,0.00,nan,nan,nan
3077,2297,123.080,0,0.00,nan,nan,nan
3078,2298,123.120,0,0.00,nan,nan,nan
3079,2299,123.160,0,0.00,nan,nan,nan
3080,2300,123.200,0,0.00,nan,nan,nan
3081,2301,123.240,0,0.00,nan,nan,nan
3082,2302,123.280,0,0.00,nan,nan,nan
3083,2303,123.320,0,0.00,nan,nan,nan
3084,2304,123.360,0,0.00,nan,nan,nan
3085,2305,123.400,0,0.00,nan,nan,nan
3086,2306,123.440,0,0.00,nan,nan,nan
3087,2307,123.480,0,0.00,nan,nan,nan
3088,2308,123.520,0,0.00,nan,nan,nan
3089,2309,123.560,0,0.00,nan,nan,nan
3090,2310,123.600,0,0.00,nan,nan,nan
3091,2311,123.640,0,0.00,nan,nan,nan
3092,2312,123.680,0,0.00,nan,nan,nan
3093,2313,123.720,0,0.00,nan,nan,nan
3094,2314,123.760,0,0.00,nan,nan,nan
3095,2315,123.800,0,0.00,nan,nan,nan
3096,2316,123.840,0,0.00,nan,nan,nan
3097,2317,123.880,0,0.00,nan,nan,nan
3098,2318,123.920,0,0.00,nan,nan,nan
3099,2319,123.960,0,0.00,nan,nan,nan
3100,2320,124.000,0,0.00,nan,nan,nan
3101,2321,124.040,0,0.00,nan,nan,nan
3102,2322,124.080,0,0.00,nan,nan,nan
3103,2323,124.120,0,0.00,nan,nan,nan
3104,2324,124.160,0,0.00,nan,nan,nan
3105,2325,124.200,0,0.00,nan,nan,nan
3106,2326,124.240,0,0.00,nan,nan,nan
3107,2327,124.280,0,0.00,nan,nan,nan
3108,2328,124.320,0,0.00,nan,nan,nan
3109,2329,124.360,0,0.00,nan,nan,nan
3110,2330,124.400,0,0.00,nan,nan,nan
3111,2331,124.440,0,0.00,nan,nan,nan
3112,2332,124.480,0,0.00,nan,nan,nan
3113,2333,124.520,0,0.00,nan,nan,nan
3114,2334,124.560,0,0.00,nan,nan,nan
3115,2335,124.600,0,0.00,nan,nan,nan
3116,2336,124.640,0,0.00,nan,nan,nan
3117,2337,124.680,0,0.00,nan,nan,nan
3118,2338,124.720,0,0.00,nan,nan,nan
3119,2339,124.760,0,0.00,nan,nan,nan
3120,2340,124.800,0,0.00,nan,nan,nan
3121,2341,124.840,0,0.00,nan,nan,nan
3122,2342,124.880,0,0.00,nan,nan,nan
3123,2343,124.920,0,0.00,nan,nan,nan
3124,2344,124.960,0,0.00,nan,nan,nan
3125,2345,125.000,0,0.00,nan,nan,nan
3126,2346,125.040,0,0.00,nan,nan,nan
3127,2347,125.080,0,0.00,nan,nan,nan
3128,2348,125.120,0,0.00,nan,nan,nan
3129,2349,125.160,0,0.00,nan,nan,nan
3130,2350,125.200,0,0.00,nan,nan,nan
3131,2351,125.240,0,0.00,nan,nan,nan
3132,2352,125.280,0,0.00,nan,nan,nan
3133,2353,125.320,0,0.00,nan,nan,nan
3134,2354,125.360,0,0.00,nan,nan,nan
3135,2355,125.400,0,0.00,nan,nan,nan
3136,2356,125.440,0,0.00,nan,nan,nan
3137,2357,125.480,0,0.00,nan,nan,nan
3138,2358,125.520,0,0.00,nan,nan,nan
3139,2359,125.560,0,0.00,nan,nan,nan
3140,2360,125.600,0,0.00,nan,nan,nan
3141,2361,125.640,0,0.00,nan,nan,nan
3142,2362,125.680,0,0.00,nan,nan,nan
3143,2363,125.720,0,0.00,nan,nan,nan
3144,2364,125.760,0,0.00,nan,nan,nan
3145,2365,125.800,0,0.00,nan,nan,nan
3146,2366,125.840,0,0.00,nan,nan,nan
3147,2367,125.880,0,0.00,nan,nan,nan
3148,2368,125.920,0,0.00,nan,nan,nan
3149,2369,125.960,0,0.00,nan,nan,nan
3150,2370,126.000,0,0.00,nan,nan,nan
3151,2371,126.040,0,0.00,nan,nan,nan
3152,2372,126.080,0,0.00,nan,nan,nan
3153,2373,126.120,0,0.00,nan,nan,nan
3154,2374,126.160,0,0.00,nan,nan,nan
3155,2375,126.200,0,0.00,nan,nan,nan
3156,2376,126.240,0,0.00,nan,nan,nan
3157,2377,126.280,0,0.00,nan,nan,nan
3158,2378,126.320,0,0.00,nan,nan,nan
3159,2379,126.360,0,0.00,nan,nan,nan
3160,2380,126.400,0,0.00,nan,nan,nan
3161,2381,126.440,0,0.00,nan,nan,nan
3162,2382,126.480,0,0.00,nan,nan,nan
3163,2383,126.520,0,0.00,nan,nan,nan
3164,2384,126.560,0,0.00,nan,nan,nan
3165,2385,126.600,0,0.00,nan,nan,nan
3166,2386,126.640,0,0.00,nan,nan,nan
3167,2387,126.680,0,0.00,nan,nan,nan
3168,2388,126.720,0,0.00,nan,nan,nan
3169,2389,126.760,0,0.00,nan,nan,nan
3170,2390,126.800,0,0.00,nan,nan,nan
3171,2391,126.840,0,0.00,nan,nan,nan
3172,2392,126.880,0,0.00,nan,nan,nan
3173,2393,126.920,0,0.00,nan,nan,nan
3174,2394,126.960,0,0.00,nan,nan,nan
3175,2395,127.000,0,0.00,nan,nan,nan
3176,2396,127.040,0,0.00,nan,nan,nan
3177,2397,127.080,0,0.00,nan,nan,nan
3178,2398,127.120,0,0.00,nan,nan,nan
3179,2399,127.160,0,0.00,nan,nan,nan
3180,2400,127.200,42881,2.23,27.33,19.65,211.45
3181,2401,127.240,47358,2.47,31.78,20.15,77.05
3182,2402,127.280,44033,2.29,31.61,20.55,78.35
3183,2403,127.320,43958,2.29,34.58,20.15,95.95
3184,2404,127.360,43187,2.25,38.05,20.55,158.95
3185,2405,127.400,34472,1.80,38.02,20.55,125.25
3186,2406,127.440,25945,1.35,37.93,20.95,182.25
3187,2407,127.480,31070,1.62,40.72,20.95,186.15
3188,2408,127.520,30364,1.58,66.88,20.95,222.05
3189,2409,127.560,30097,1.57,67.31,20.55,232.85
3190,2410,127.600,26451,1.38,63.61,20.95,236.35
3191,2411,127.640,22801,1.19,58.16,20.95,249.45
3192,2412,127.680,11351,0.59,79.07,22.65,243.75
3193,2413,127.720,8591,0.45,28.31,22.65,197.35
3194,2414,127.760,16503,0.86,75.82,22.65,242.15
3195,2415,127.800,16856,0.88,77.75,22.65,239.65
3196,2416,127.840,22694,1.18,109.84,23.75,237.85
3197,2417,127.880,10457,0.54,52.30,33.15,133.85
3198,2418,127.920,5509,0.29,51.75,20.95,222.15
3199,2419,127.960,14078,0.73,39.25,20.95,125.05
3200,2420,128.000,18462,0.96,24.32,19.65,43.95
3201,2421,128.040,2765,0.14,22.12,20.15,24.25
3202,2422,128.080,3634,0.19,38.78,20.15,167.05
3203,2423,128.120,2345,0.12,24.16,21.45,34.45
3204,2424,128.160,3026,0.16,23.92,20.55,37.45
3205,2425,128.200,3090,0.16,25.94,20.15,38.75
3206,2426,128.240,3451,0.18,27.65,20.15,40.15
3207,2427,128.280,3934,0.20,43.38,21.45,102.35
3208,2428,128.320,3188,0.17,44.29,32.25,69.05
3209,2429,128.360,2542,0.13,62.49,47.85,95.35
3210,2430,128.400,2937,0.15,72.20,53.65,123.65
3211,2431,128.440,2675,0.14,93.64,65.45,170.35
3212,2432,128.480,2558,0.13,165.08,70.15,228.25
3213,2433,128.520,2949,0.15,194.89,51.65,240.05
3214,2434,128.560,39463,2.06,56.02,20.15,242.55
3215,2435,128.600,3185,0.17,219.46,200.75,240.95
3216,2436,128.640,3553,0.19,212.90,192.25,243.25
3217,2437,128.680,3521,0.18,211.18,180.25,243.85
3218,2438,128.720,5084,0.26,206.84,166.75,237.25
3219,2439,128.760,6310,0.33,208.96,180.55,232.75
3220,2440,128.800,6747,0.35,208.59,140.75,232.45
3221,2441,128.840,7239,0.38,201.63,116.65,232.65
3222,2442,128.880,6615,0.34,172.93,77.05,228.05
3223,2443,128.920,6530,0.34,142.57,57.55,220.45
3224,2444,128.960,7409,0.39,128.52,48.15,217.65
3225,2445,129.000,7763,0.40,104.36,37.05,218.75
3226,2446,129.040,6022,0.31,61.42,31.85,133.15
3227,2447,129.080,4462,0.23,47.96,31.25,93.35
3228,2448,129.120,3529,0.18,53.35,30.05,99.85
3229,2449,129.160,3465,0.18,64.21,28.95,147.95
3230,2450,129.200,3243,0.17,72.35,29.25,151.05
3231,2451,129.240,2967,0.15,59.56,28.55,136.65
3232,2452,129.280,2132,0.11,39.57,28.15,108.65
3233,2453,129.320,2416,0.13,56.18,28.95,110.55
3234,2454,129.360,2225,0.12,51.60,32.25,101.95
3235,2455,129.400,1538,0.08,67.62,46.25,106.25
3236,2456,129.440,1293,0.07,82.09,50.15,199.65
3237,2457,129.480,0,0.00,nan,nan,nan
3238,2458,129.520,991,0.05,48.38,39.85,97.75
3239,2459,129.560,1527,0.08,46.13,38.45,60.55
3240,2460,129.600,1370,0.07,45.59,37.75,58.75
3241,2461,129.640,1235,0.06,46.12,38.45,59.65
3242,2462,129.680,1830,0.10,51.58,39.05,73.65
3243,2463,129.720,2026,0.11,55.79,38.75,87.55
3244,2464,129.760,1869,0.10,54.83,39.55,88.25
3245,2465,129.800,2333,0.12,62.10,39.85,116.65
3246,2466,129.840,2583,0.13,70.28,40.15,149.85
3247,2467,129.880,2958,0.15,69.34,40.85,147.15
3248,2468,129.920,3354,0.17,69.16,45.25,139.75
3249,2469,129.960,3697,0.19,76.09,43.55,186.95
3250,2470,130.000,3843,0.20,86.27,46.25,226.75
3251,2471,130.040,3709,0.19,90.37,43.25,205.85
3252,2472,130.080,3945,0.21,95.36,42.95,221.65
3253,2473,130.120,4263,0.22,103.02,43.55,240.45
3254,2474,130.160,4543,0.24,105.18,43.95,238.95
3255,2475,130.200,4507,0.23,105.60,45.25,234.85
3256,2476,130.240,4375,0.23,106.15,44.25,238.65
3257,2477,130.280,3954,0.21,92.01,44.25,179.45
3258,2478,130.320,5047,0.26,109.13,44.65,242.15
3259,2479,130.360,5681,0.30,114.63,43.55,243.15
3260,2480,130.400,7746,0.40,134.05,42.65,238.45
3261,2481,130.440,7656,0.40,143.48,47.85,227.35
3262,2482,130.480,7721,0.40,159.56,57.75,229.35
3263,2483,130.520,6864,0.36,174.03,73.85,229.45
3264,2484,130.560,6929,0.36,180.75,86.25,230.15
3265,2485,130.600,5892,0.31,181.80,92.85,217.55
3266,2486,130.640,5413,0.28,184.83,113.75,205.95
3267,2487,130.680,4363,0.23,182.16,110.05,207.55
3268,2488,130.720,2474,0.13,187.61,119.55,218.05
3269,2489,130.760,947,0.05,188.66,125.95,226.45
3270,2490,130.800,0,0.00,nan,nan,nan
3271,2491,130.840,0,0.00,nan,nan,nan
3272,2492,130.880,0,0.00,nan,nan,nan
3273,2493,130.920,0,0.00,nan,nan,nan
3274,2494,130.960,0,0.00,nan,nan,nan
3275,2495,131.000,0,0.00,nan,nan,nan
3276,2496,131.040,0,0.00,nan,nan,nan
3277,2497,131.080,0,0.00,nan,nan,nan
3278,2498,131.120,0,0.00,nan,nan,nan
3279,2499,131.160,0,0.00,nan,nan,nan
3280,2500,131.200,0,0.00,nan,nan,nan
3281,2501,131.240,0,0.00,nan,nan,nan
3282,2502,131.280,0,0.00,nan,nan,nan
3283,2503,131.320,0,0.00,nan,nan,nan
3284,2504,131.360,0,0.00,nan,nan,nan
3285,2505,131.400,0,0.00,nan,nan,nan
3286,2506,131.440,0,0.00,nan,nan,nan
3287,2507,131.480,0,0.00,nan,nan,nan
3288,2508,131.520,0,0.00,nan,nan,nan
3289,2509,131.560,0,0.00,nan,nan,nan
3290,2510,131.600,0,0.00,nan,nan,nan
3291,2511,131.640,0,0.00,nan,nan,nan
3292,2512,131.680,0,0.00,nan,nan,nan
3293,2513,131.720,0,0.00,nan,nan,nan
3294,2514,131.760,0,0.00,nan,nan,nan
3295,2515,131.800,0,0.00,nan,nan,nan
3296,2516,131.840,0,0.00,nan,nan,nan
3297,2517,131.880,0,0.00,nan,nan,nan
3298,2518,131.920,0,0.00,nan,nan,nan
3299,2519,131.960,0,0.00,nan,nan,nan
3300,2520,132.000,0,0.00,nan,nan,nan
3301,2521,132.040,0,0.00,nan,nan,nan
3302,2522,132.080,0,0.00,nan,nan,nan
3303,2523,132.120,0,0.00,nan,nan,nan
3304,2524,132.160,0,0.00,nan,nan,nan
3305,2525,132.200,0,0.00,nan,nan,nan
3306,2526,132.240,0,0.00,nan,nan,nan
3307,2527,132.280,0,0.00,nan,nan,nan
3308,2528,132.320,0,0.00,nan,nan,nan
3309,2529,132.360,0,0.00,nan,nan,nan
3310,2530,132.400,0,0.00,nan,nan,nan
3311,2531,132.440,0,0.00,nan,nan,nan
3312,2532,132.480,0,0.00,nan,nan,nan
3313,2533,132.520,0,0.00,nan,nan,nan
3314,2534,132.560,0,0.00,nan,nan,nan
3315,2535,132.600,0,0.00,nan,nan,nan
3316,2536,132.640,0,0.00,nan,nan,nan
3317,2537,132.680,0,0.00,nan,nan,nan
3318,2538,132.720,0,0.00,nan,nan,nan
3319,2539,132.760,0,0.00,nan,nan,nan
3320,2540,132.800,0,0.00,nan,nan,nan
3321,2541,132.840,0,0.00,nan,nan,nan
3322,2542,132.880,0,0.00,nan,nan,nan
3323,2543,132.920,0,0.00,nan,nan,nan
3324,2544,132.960,0,0.00,nan,nan,nan
3325,2545,133.000,0,0.00,nan,nan,nan
3326,2546,133.040,0,0.00,nan,nan,nan
3327,2547,133.080,0,0.00,nan,nan,nan
3328,2548,133.120,0,0.00,nan,nan,nan
3329,2549,133.160,0,0.00,nan,nan,nan
3330,2550,133.200,0,0.00,nan,nan,nan
3331,2551,133.240,0,0.00,nan,nan,nan
3332,2552,133.280,0,0.00,nan,nan,nan
3333,2553,133.320,0,0.00,nan,nan,nan
3334,2554,133.360,0,0.00,nan,nan,nan